Description(Sequences  with  E-value BETTER than threshold),Max Score,Species,Total Score,Query Cover,E value,Per. ident,Accession  
nucleocapsid protein [Bat coronavirus RaTG13],845,Bat,845,1.00 ,0,99.05,QHR63308.1
nucleocapsid protein [Bat SARS-like coronavirus],715,Bat,715,1.00 ,0,94.27,AVP78049.1
nucleocapsid protein [Bat SARS coronavirus Rp1],675,Bat,675,1.00 ,0,90.26,AAZ67043.1
nucleocapsid protein [Bat SARS-like coronavirus],674,Bat,674,1.00 ,0,90.76,ATO98178.1
nucleocapsid protein [Bat coronavirus],674,Bat,674,1.00 ,0,89.57,ARI44802.1
nucleocapsid phosphoprotein [Bat SARS coronavirus HKU3-4],672,Bat,672,1.00 ,0,89.55,ADE34730.1
nucleocapsid phosphoprotein [Bat SARS coronavirus HKU3-7],672,Bat,672,1.00 ,0,90.26,ADE34763.1
nucleocapsid protein [Bat coronavirus],672,Bat,672,1.00 ,0,89.57,ARI44807.1
nucleocapsid protein [Bat SARS-like coronavirus],672,Bat,672,1.00 ,0,90.52,ATO98228.1
nucleocapsid protein [Bat SARS-like coronavirus],671,Bat,671,1.00 ,0,90.76,ATO98166.1
nucleocapsid protein [Bat SARS-like coronavirus],671,Bat,671,1.00 ,0,90.52,ATO98154.1
nucleocapsid protein [Bat SARS-like coronavirus],671,Bat,671,1.00 ,0,90.52,ATO98190.1
nucleocapsid protein [Bat coronavirus Rp/Shaanxi2011],671,Bat,671,1.00 ,0,90.97,AGC74169.1
nucleocapsid phosphoprotein [Bat SARS coronavirus HKU3-9],671,Bat,671,1.00 ,0,89.31,ADE34787.1
nucleocapsid protein [Bat SARS-like coronavirus WIV1],671,Bat,671,1.00 ,0,90.28,AGZ48841.1
nucleocapsid phosphoprotein [Bat SARS coronavirus HKU3-12],670,Bat,670,1.00 ,0,89.07,ADE34820.1
nucleocapsid protein [Bat SARS-like coronavirus RsSHC014],669,Bat,669,1.00 ,0,90.28,AGZ48815.1
nucleocapsid protein [Bat SARS-like coronavirus YNLF_34C],669,Bat,669,1.00 ,0,90.02,AKZ19095.1
nucleocapsid protein [Bat SARS-like coronavirus YNLF_31C],669,Bat,669,1.00 ,0,90.02,AKZ19084.1
nucleocapsid protein [Bat coronavirus Cp/Yunnan2011],669,Bat,669,1.00 ,0,90.28,AGC74175.1
nucleocapsid protein [Bat SARS-like coronavirus],668,Bat,668,1.00 ,0,90.05,ATO98117.1
nucleocapsid phosphoprotein [Bat SARS coronavirus HKU3-2],667,Bat,667,1.00 ,0,89.79,AAZ41337.1
nucleocapsid protein [Bat SARS-like coronavirus],666,Bat,666,1.00 ,0,90.05,ATO98142.1
RecName: Full=Nucleoprotein; AltName: Full=Nucleocapsid protein; Short=NC; Short=Protein N [Bat SARS coronavirus HKU3],665,Bat,665,1.00 ,0,89.55,Q3LZX4.1
nucleocapsid protein [Bat SARS CoV Rm1/2004],663,Bat,663,1.00 ,0,90.02,AAZ67039.1
RecName: Full=Nucleoprotein; AltName: Full=Nucleocapsid protein; Short=NC; Short=Protein N [Bat CoV 279/2005],660,Bat,660,1.00 ,0,89.79,Q0Q468.1
nucleocapsid protein [Bat CoV 273/2005],660,Bat,660,1.00 ,0,89.79,ABG47067.1
nucleocapsid protein [Bat SARS-like coronavirus],658,Bat,658,1.00 ,0,90.28,ATO98129.1
nucleocapsid protein [Bat SARS CoV Rf1/2004],654,Bat,654,1.00 ,0,89.07,ABD75315.1
nucleocapsid [Bat coronavirus BM48-31/BGR/2008],652,Bat,652,1.00 ,0,87.62,YP_003858591.1
nucleocapsid protein [Bat coronavirus],641,Bat,641,1.00 ,0,89.31,ANA96035.1
nucleoprotein [Bat coronavirus],635,Bat,635,1.00 ,0,88.84,ASO66816.1
putative nucleoprotein [Zaria bat coronavirus],360,Bat,360,0.86 ,7.00E-118,56.87,ADY17917.1
nucleocapsid phosphoprotein [Bat coronavirus],301,Bat,301,0.88 ,1.00E-94,49.61,BBJ36015.1
nucleocapsid phosphoprotein [Bat coronavirus],298,Bat,298,0.79 ,6.00E-94,51.59,YP_009361864.1
nucleocapsid protein [Hypsugo bat coronavirus HKU25],298,Bat,298,0.88 ,1.00E-93,50,ASL68960.1
nucleocapsid protein [Bat coronavirus],286,Bat,286,0.81 ,3.00E-89,50.84,ANA96046.1
nucleocapsid protein [Pipistrellus bat coronavirus HKU5],286,Bat,286,0.86 ,6.00E-89,46.53,AGP04904.1
nucleocapsid protein [Pipistrellus bat coronavirus HKU5],285,Bat,285,0.87 ,1.00E-88,47.37,AGP04908.1
nucleocapsid phosphoprotein [Pipistrellus bat coronavirus HKU5],284,Bat,284,0.87 ,3.00E-88,47.89,YP_001039969.1
nucleocapsid protein [Pipistrellus bat coronavirus HKU5],283,Bat,283,0.91 ,4.00E-88,46.19,AGP04910.1
N protein [Pipistrellus bat coronavirus HKU5],284,Bat,284,0.87 ,4.00E-88,47.37,AWH65939.1
nucleocapsid protein [Pipistrellus bat coronavirus HKU5],283,Bat,283,0.91 ,6.00E-88,46.19,AGP04909.1
N protein [Pipistrellus bat coronavirus HKU5],283,Bat,283,0.86 ,6.00E-88,47.53,AWH65917.1
nucleocapsid protein [Pipistrellus bat coronavirus HKU5],283,Bat,283,0.91 ,7.00E-88,45.94,AGP04912.1
nucleocapsid protein [Pipistrellus abramus bat coronavirus HKU5-related],282,Bat,282,0.87 ,1.00E-87,47.63,QHA24694.1
nucleocapsid protein [Pipistrellus bat coronavirus HKU5],282,Bat,282,0.87 ,1.00E-87,46.79,AGP04915.1
nucleocapsid protein [Pipistrellus bat coronavirus HKU5],282,Bat,282,0.87 ,2.00E-87,47.63,AGP04906.1
nucleocapsid protein [Pipistrellus bat coronavirus HKU5],282,Bat,282,0.87 ,2.00E-87,47.63,AGP04901.1
Nucleocapsid phosphoprotein [Bat coronavirus HKU5-2],282,Bat,282,0.87 ,2.00E-87,47.63,ABN10891.1
nucleocapsid protein [Pipistrellus bat coronavirus HKU5],282,Bat,282,0.87 ,2.00E-87,46.53,AGP04907.1
nucleocapsid protein [Hypsugo bat coronavirus HKU25],281,Bat,281,0.88 ,4.00E-87,49.48,ASL68949.1
nucleocapsid protein [Tylonycteris bat coronavirus HKU4],278,Bat,278,0.82 ,6.00E-86,50.55,AGP04896.1
N protein [Human betacoronavirus 2c Jordan-N3/2012],276,Human,276,0.91 ,3.00E-85,48.49,AGH58724.1
nucleocapsid protein [Tylonycteris pachypus bat coronavirus HKU4-related],276,Bat,276,0.82 ,3.00E-85,50.69,QHA24685.1
capsid [Bat coronavirus],260,Bat,260,0.84 ,2.00E-78,41.84,AWV67051.1
Nucleocapsid phosphoprotein [Bat coronavirus HKU9-4],255,Bat,255,0.86 ,1.00E-76,42.06,ABN10939.1
capsid [Bat coronavirus],254,Bat,254,0.84 ,3.00E-76,42.37,YP_009824993.1
N protein [Rousettus bat coronavirus HKU9],254,Bat,254,0.86 ,5.00E-76,41.8,AVP25399.1
Nucleocapsid phosphoprotein [Bat coronavirus HKU9-2],241,Bat,241,0.87 ,4.00E-71,43.04,ABN10923.1
nucleocapsid phosphoprotein [Bat coronavirus HKU9-5-2],241,Bat,241,0.86 ,6.00E-71,43.5,ADM33570.1
nucleocapsid phosphoprotein [Bat coronavirus],239,Bat,239,0.87 ,1.00E-70,40.8,QEH60467.1
N protein [Rousettus bat coronavirus HKU9],238,Bat,238,0.87 ,5.00E-70,43.68,AVP25401.1
N protein [Rousettus bat coronavirus HKU9],236,Bat,236,0.87 ,4.00E-69,43.42,AVP25402.1
nucleocapsid phosphoprotein [Rousettus bat coronavirus HKU9],236,Bat,236,0.85 ,4.00E-69,42.32,YP_001039975.1
N protein [Bat coronavirus GCCDC1],234,Bat,234,0.84 ,8.00E-69,42.08,AVP25428.1
nucleocapsid protein [Rousettus bat coronavirus],234,Bat,234,0.85 ,9.00E-69,42.12,YP_009273009.1
N protein [Bat coronavirus GCCDC1],233,Bat,233,0.84 ,2.00E-68,42.08,AVP25427.1
nucleocapsid phosphoprotein [Bat coronavirus HKU9-1],234,Bat,234,0.85 ,3.00E-68,42.05,QJX58370.1
N protein [Bat coronavirus GCCDC1],233,Bat,233,0.84 ,3.00E-68,42.08,AVP25426.1
nucleocapsid protein [Rousettus bat coronavirus GCCDC1],232,Bat,232,0.84 ,7.00E-68,42.08,QKF94918.1
nucleocapsid phosphoprotein [Bat coronavirus Philippines/Diliman1525G2/2008],232,Bat,232,0.87 ,1.00E-67,40.53,BAI67743.1
N protein [Bat coronavirus GCCDC1],231,Bat,231,0.84 ,2.00E-67,41.8,AVP25429.1
N protein [Rousettus bat coronavirus HKU9],230,Bat,230,0.87 ,6.00E-67,42.63,AVP25403.1
N protein [Bat coronavirus GCCDC1],229,Bat,229,0.84 ,9.00E-67,41.8,AVP25430.1
capsid [Bat coronavirus],229,Bat,229,0.88 ,1.00E-66,41.51,AWV67059.1
N protein [Rousettus bat coronavirus HKU9],223,Bat,223,0.85 ,3.00E-64,41.73,AVP25396.1
nucleocapsid protein [Rousettus bat coronavirus/Kenya/KY06/2006],222,Bat,222,0.85 ,6.00E-64,41.24,ADX59478.1
nucleocapsid protein [Bat coronavirus ZS-2005],192,Bat,192,0.29 ,2.00E-56,91.2,AAY27741.1
RecName: Full=Nucleoprotein; AltName: Full=Nucleocapsid protein; Short=NC; Short=Protein N [Murine hepatitis virus strain 1],199,Murine,199,0.80 ,3.00E-55,37.78,P18446.1
nucleoprotein [Human coronavirus HKU1],199,Human,199,0.76 ,3.00E-55,39.1,AGW27840.1
nucleoprotein [Human coronavirus HKU1],199,Human,199,0.76 ,4.00E-55,39.1,AGT17773.1
nucleocapsid protein [Human coronavirus HKU1],199,Human,199,0.76 ,4.00E-55,38.81,ARU07581.1
nucleocapsid phosphoprotein [Human coronavirus HKU1],198,Human,198,0.82 ,6.00E-55,36.74,ABD75597.1
nucleocapsid phosphoprotein [Human coronavirus HKU1],198,Human,198,0.82 ,6.00E-55,36.74,ABD75613.1
nucleocapsid phosphoprotein [Human coronavirus HKU1],197,Human,197,0.82 ,8.00E-55,36.74,ABD75501.1
nucleocapsid phosphoprotein [Human coronavirus HKU1],197,Human,197,0.76 ,9.00E-55,38.81,ADN03343.1
nucleocapsid phosphoprotein [Human coronavirus HKU1],197,Human,197,0.82 ,1.00E-54,36.74,ABD75581.1
nucleocapsid protein [Human coronavirus HKU1],197,Human,197,0.76 ,1.00E-54,38.92,AMM42394.1
nucleocapsid phosphoprotein [Human coronavirus HKU1],197,Human,197,0.82 ,2.00E-54,36.74,YP_173242.1
nucleocapsid protein [Murine hepatitis virus],197,Murine,197,0.81 ,2.00E-54,37.64,ATN37902.1
nucleocapsid phosphoprotein [Human coronavirus HKU1],196,Human,196,0.80 ,3.00E-54,36.93,ABD75589.1
RecName: Full=Nucleoprotein; AltName: Full=Nucleocapsid protein; Short=NC; Short=Protein N [Human coronavirus HKU1 (isolate N5)],196,Human,196,0.76 ,3.00E-54,38.92,Q0ZME3.1
nucleocapsid protein [Human coronavirus HKU1],196,Human,196,0.76 ,3.00E-54,38.92,AMM42389.1
nucleocapsid protein [Human coronavirus HKU1],196,Human,196,0.76 ,4.00E-54,38.92,AZS52622.1
nucleocapsid phosphoprotein [Human coronavirus HKU1],196,Human,196,0.76 ,5.00E-54,38.92,ABD75549.1
nucleocapsid protein (N) [Murine hepatitis virus strain JHM],196,Murine,196,0.74 ,5.00E-54,39.14,YP_209238.1
nucleocapsid protein [Murine coronavirus],195,Murine,195,0.74 ,9.00E-54,39.14,AFO11512.1
nucleocapsid protein [Murine coronavirus RJHM/A],195,Murine,195,0.74 ,9.00E-54,39.14,ACN89697.1
RecName: Full=Nucleoprotein; AltName: Full=Nucleocapsid protein; Short=NC; Short=Protein N [Murine hepatitis virus strain S],195,Murine,195,0.81 ,1.00E-53,36.9,P18448.1
nucleocapsid phosphoprotein [Human coronavirus HKU1],194,Human,194,0.82 ,2.00E-53,36.46,ABD75541.1
nucleocapsid protein [Murine hepatitis virus],193,Murine,193,0.81 ,5.00E-53,36.41,AAF69349.1
nucleocapsid protein [Murine hepatitis virus strain A59],193,Murine,193,0.81 ,7.00E-53,36.62,ACO72897.1
nucleoprotein [Murine coronavirus],192,Murine,192,0.81 ,8.00E-53,36.62,AGT17732.1
RecName: Full=Nucleoprotein; AltName: Full=Nucleocapsid protein; Short=NC; Short=Protein N [Murine hepatitis virus strain 3],192,Murine,192,0.81 ,9.00E-53,36.62,P18447.1
nucleocapsid protein [Human coronavirus HKU1],192,Human,192,0.76 ,9.00E-53,38.62,AMM42376.1
nucleocapsid protein [Murine hepatitis virus strain 2],192,Murine,192,0.74 ,9.00E-53,37.73,AAC16422.1
nucleocapsid protein [Human coronavirus HKU1],192,Human,192,0.76 ,1.00E-52,38.32,AMM42397.1
nucleocapsid protein [Murine hepatitis virus strain ML-11],192,Murine,192,0.74 ,2.00E-52,37.73,AAF68926.1
RecName: Full=Nucleoprotein; AltName: Full=Nucleocapsid protein; Short=NC; Short=Protein N [Murine hepatitis virus strain 2],192,Murine,192,0.74 ,2.00E-52,37.73,Q9PY96.1
nucleocapsid protein [Murine hepatitis virus],191,Murine,191,0.74 ,2.00E-52,37.61,AAA46462.1
RecName: Full=Nucleoprotein; AltName: Full=Nucleocapsid protein; Short=NC; Short=Protein N [Porcine hemagglutinating encephalomyelitis virus (strain IAF-404)],191,Porcine,191,0.74 ,2.00E-52,39.82,Q8JSP4.1
nucleocapsid protein [Porcine hemagglutinating encephalomyelitis virus],191,Porcine,191,0.74 ,3.00E-52,39.52,AAY68302.1
RecName: Full=Nucleoprotein; AltName: Full=Nucleocapsid protein; Short=NC; Short=Protein N [Murine coronavirus strain DVIM],191,Murine,191,0.74 ,3.00E-52,38.34,Q83360.1
nucleoprotein [Murine hepatitis virus],191,Murine,191,0.74 ,3.00E-52,38.04,AAA76578.1
nucleocapsid protein [Porcine hemagglutinating encephalomyelitis virus],191,Porcine,191,0.74 ,3.00E-52,39.35,QAU20978.1
nucleocapsid protein [Porcine hemagglutinating encephalomyelitis virus],191,Porcine,191,0.74 ,3.00E-52,40.12,QAU20980.1
nucleocapsid protein [Porcine hemagglutinating encephalomyelitis virus],191,Porcine,191,0.74 ,3.00E-52,39.82,ACH72650.1
nucleocapsid protein [Murine hepatitis virus],191,Murine,191,0.81 ,4.00E-52,36.34,CAA25198.1
nucleocapsid protein [Porcine hemagglutinating encephalomyelitis virus],191,Porcine,191,0.74 ,4.00E-52,39.52,ARC95231.1
nucleocapsid protein [Porcine hemagglutinating encephalomyelitis virus],191,Porcine,191,0.74 ,5.00E-52,39.82,QAU20979.1
nucleocapsid protein [Porcine hemagglutinating encephalomyelitis virus],190,Porcine,190,0.74 ,5.00E-52,39.82,QAU20977.1
nucleocapsid protein [Porcine hemagglutinating encephalomyelitis virus],190,Porcine,190,0.74 ,6.00E-52,39.82,QAU20975.1
nucleocapsid protein [Murine hepatitis virus],190,Murine,190,0.74 ,7.00E-52,37.42,BAJ04701.1
nucleocapsid protein [Longquan Rl rat coronavirus],190,Rat,190,0.74 ,7.00E-52,37.39,AID16658.1
nucleocapsid protein [Porcine hemagglutinating encephalomyelitis virus],190,Porcine,190,0.74 ,1.00E-51,38.69,ARC95207.1
nucleocapsid protein [Longquan Rl rat coronavirus],190,Rat,190,0.74 ,1.00E-51,37.39,AID16652.1
nucleocapsid protein [Porcine hemagglutinating encephalomyelitis virus],186,Porcine,186,0.74 ,3.00E-50,37.72,ARC95215.1
nucleocapsid protein [Murine hepatitis virus],183,Murine,183,0.72 ,3.00E-50,38.36,AAM55465.1
nucleocapsid protein [Porcine hemagglutinating encephalomyelitis virus],185,Porcine,185,0.74 ,4.00E-50,39.22,QAU20983.1
nucleocapsid protein [Porcine hemagglutinating encephalomyelitis virus],185,Porcine,185,0.74 ,5.00E-50,39.22,QAU20984.1
nucleocapsid protein [Porcine hemagglutinating encephalomyelitis virus],185,Porcine,185,0.74 ,5.00E-50,39.22,QAU20982.1
nucleocapsid protein [Longquan Rl rat coronavirus],185,Rat,185,0.74 ,6.00E-50,37.31,AID16664.1
nucleocapsid protein [Bovine coronavirus],184,Bovine,184,0.74 ,9.00E-50,38.35,AMQ23461.1
nucleocapsid protein [Bovine coronavirus],183,Bovine,183,0.74 ,3.00E-49,38.05,BBM60953.1
N protein [Canine respiratory coronavirus],182,Canine,182,0.74 ,6.00E-49,38.05,ANA11064.1
Nucleocapsid glycoprotein [Human coronavirus OC43],181,Human,181,0.74 ,1.00E-48,38.05,AIX10719.1
nucleocapsid protein [Human coronavirus HKU1],180,Human,180,0.76 ,4.00E-48,37.43,AMM42379.1
nucleocapsid protein [Bovine coronavirus],179,Bovine,179,0.74 ,2.00E-47,38.64,ACB30194.1
nucleocapsid protein [Bovine coronavirus],178,Bovine,178,0.74 ,2.00E-47,38.64,ACB30192.1
N protein [Human coronavirus OC43],178,Human,178,0.74 ,2.00E-47,37.16,AIL49428.1
nucleocapsid protein [Bovine coronavirus],178,Bovine,178,0.74 ,2.00E-47,38.64,BAF75637.1
nucleocapsid protein [Bovine coronavirus],178,Bovine,178,0.74 ,2.00E-47,39.58,AMQ23459.1
Nucleocapsid glycoprotein [Human coronavirus OC43],177,Human,177,0.74 ,4.00E-47,37.16,AIX10728.1
nucleocapsid protein [Human coronavirus OC43],177,Human,177,0.74 ,4.00E-47,37.16,ATP16771.1
N protein [Human coronavirus OC43],177,Human,177,0.74 ,4.00E-47,37.16,AIL49425.1
nucleocapsid protein [Human enteric coronavirus strain 4408],177,Human,177,0.74 ,4.00E-47,38.35,ACT11036.1
nucleocapsid protein [Bovine coronavirus Bubalus/Italy/179/07-11],177,Bovine,177,0.74 ,4.00E-47,38.35,ABV74060.1
nucleocapsid protein [Human coronavirus OC43],177,Human,177,0.74 ,4.00E-47,37.16,QBP84763.1
N protein [Human coronavirus OC43],177,Human,177,0.74 ,5.00E-47,38.86,AIL49426.1
nucleocapsid protein [Human enteric coronavirus 4408],177,Human,177,0.74 ,6.00E-47,38.35,ACJ35489.1
nucleocapsid protein [Bovine coronavirus],177,Bovine,177,0.74 ,6.00E-47,38.35,AMQ23462.1
nucleoprotein [Human coronavirus OC43],177,Human,177,0.74 ,6.00E-47,38.64,AGT51764.1
Nucleocapsid glycoprotein [Human coronavirus OC43],177,Human,177,0.74 ,6.00E-47,37.16,AIX10723.1
nucleocapsid protein [Bovine coronavirus],177,Bovine,177,0.74 ,6.00E-47,38.35,AVI15017.1
nucleoprotein [Human coronavirus OC43],177,Human,177,0.74 ,6.00E-47,37.16,AGT51734.1
nucleocapsid protein [Bovine coronavirus],177,Bovine,177,0.74 ,6.00E-47,38.35,AVZ61105.1
nucleoprotein [Human coronavirus OC43],177,Human,177,0.74 ,6.00E-47,37.16,AGT51406.1
nucleocapsid protein [Bovine coronavirus],177,Bovine,177,0.74 ,6.00E-47,38.35,AMQ23465.1
Nucleocapsid glycoprotein [Human coronavirus OC43],177,Human,177,0.74 ,6.00E-47,37.16,AIX10720.1
nucleocapsid protein [Bovine coronavirus],177,Bovine,177,0.74 ,6.00E-47,38.14,BBM61443.1
nucleocapsid protein [Bovine coronavirus],177,Bovine,177,0.74 ,6.00E-47,38.35,AMQ23469.1
nucleocapsid protein [Bovine coronavirus],177,Bovine,177,0.74 ,6.00E-47,38.35,AMQ23472.1
nucleoprotein [Human coronavirus OC43],177,Human,177,0.74 ,6.00E-47,37.16,AGT51674.1
nucleocapsid protein [Bovine coronavirus],177,Bovine,177,0.74 ,7.00E-47,39.58,BBM61013.1
nucleocapsid protein [Bovine coronavirus],177,Bovine,177,0.74 ,7.00E-47,38.35,BBM61003.1
nucleocapsid protein [Bovine coronavirus],177,Bovine,177,0.74 ,7.00E-47,39.58,BBM61203.1
nucleoprotein [Human coronavirus OC43],177,Human,177,0.74 ,7.00E-47,38.64,AGT51525.1
nucleoprotein [Human coronavirus OC43],177,Human,177,0.74 ,7.00E-47,37.16,AGT51784.1
N protein [Human coronavirus OC43],177,Human,177,0.74 ,7.00E-47,36.86,AMK59681.1
nucleocapsid protein [Bovine coronavirus],177,Bovine,177,0.74 ,7.00E-47,38.35,AZS64208.1
nucleocapsid protein [Bovine coronavirus],177,Bovine,177,0.84 ,8.00E-47,35.53,BBM61433.1
nucleocapsid protein [Canine respiratory coronavirus],177,Canine,177,0.74 ,8.00E-47,38.64,ACX46856.1
nucleocapsid protein [Bovine coronavirus],177,Bovine,177,0.74 ,8.00E-47,38.35,AMQ23463.1
nucleocapsid protein [Bovine coronavirus],177,Bovine,177,0.74 ,8.00E-47,38.35,AMQ23460.1
nucleoprotein [Human coronavirus OC43],177,Human,177,0.74 ,8.00E-47,38.64,AGT51485.1
nucleocapsid protein [Bovine coronavirus],177,Bovine,177,0.74 ,8.00E-47,38.14,AVI15006.1
RecName: Full=Nucleoprotein; AltName: Full=Nucleocapsid protein; Short=NC; Short=Protein N [Bovine coronavirus (strain LSU-94LSS-051)],177,Bovine,177,0.74 ,8.00E-47,38.35,Q9QAR1.1
nucleocapsid protein [Bovine coronavirus],177,Bovine,177,0.74 ,8.00E-47,38.35,ACB30193.1
nucleocapsid protein [Bovine coronavirus DB2],177,Bovine,177,0.74 ,8.00E-47,38.35,ABG89284.1
nucleocapsid protein [Canine respiratory coronavirus],177,Canine,177,0.74 ,9.00E-47,38.64,ACX46866.1
nucleocapsid protein [Bovine coronavirus],176,Bovine,176,0.74 ,9.00E-47,38.14,BBM60923.1
N protein [Human coronavirus OC43],171,Human,171,0.74 ,1.00E-44,37.76,ANZ78874.1
nucleocapsid protein [Human coronavirus OC43],171,Human,171,0.74 ,1.00E-44,37.46,AQN78684.1
N protein [Human coronavirus OC43],171,Human,171,0.74 ,1.00E-44,37.46,AIL49429.1
nucleocapsid protein [Human coronavirus OC43],171,Human,171,0.74 ,1.00E-44,37.46,QEG03805.1
nucleocapsid protein [Human coronavirus OC43],171,Human,171,0.74 ,1.00E-44,37.46,AMM42457.1
nucleocapsid protein [Human coronavirus OC43],171,Human,171,0.74 ,1.00E-44,37.46,AEN19370.1
protein I [Human coronavirus OC43],171,Human,171,0.74 ,1.00E-44,37.46,QBP84717.1
N protein [Human coronavirus OC43],171,Human,171,0.74 ,1.00E-44,37.46,AIL49404.1
nucleocapsid protein [Human coronavirus OC43],171,Human,171,0.74 ,1.00E-44,37.46,AMM42456.1
nucleocapsid protein [Human coronavirus OC43],171,Human,171,0.74 ,2.00E-44,37.46,AMM42450.1
nucleocapsid protein [Human coronavirus OC43],171,Human,171,0.74 ,2.00E-44,37.46,AEN19362.1
N protein [Human coronavirus OC43],171,Human,171,0.74 ,2.00E-44,37.46,AIL49415.1
nucleocapsid protein [Human coronavirus OC43],171,Human,171,0.74 ,2.00E-44,37.46,QEG03818.1
N protein [Human coronavirus OC43],170,Human,170,0.74 ,2.00E-44,37.46,ANZ78875.1
protein I [Human coronavirus OC43],170,Human,170,0.74 ,2.00E-44,37.46,QBP84726.1
N protein [Human coronavirus OC43],170,Human,170,0.74 ,2.00E-44,37.46,AIL49396.1
N protein [Human coronavirus OC43],170,Human,170,0.74 ,2.00E-44,37.46,ANZ78866.1
RecName: Full=Nucleoprotein; AltName: Full=Nucleocapsid protein; Short=NC; Short=Protein N [Human coronavirus OC43],170,Human,170,0.74 ,2.00E-44,37.76,P33469.1
nucleocapsid protein [Human coronavirus OC43],170,Human,170,0.74 ,2.00E-44,37.46,AWW13570.1
nucleocapsid protein [Human coronavirus OC43],170,Human,170,0.74 ,3.00E-44,37.46,AMM42463.1
nucleocapsid protein [Human coronavirus OC43],170,Human,170,0.74 ,3.00E-44,37.46,AMM42445.1
nucleocapsid protein [Human coronavirus OC43],170,Human,170,0.74 ,3.00E-44,37.46,AMM42444.1
N protein [Human coronavirus OC43],170,Human,170,0.74 ,3.00E-44,37.24,AIL49470.1
nucleocapsid protein [Human coronavirus OC43],170,Human,170,0.74 ,3.00E-44,37.46,ATN39868.1
nucleocapsid protein [Canine respiratory coronavirus],169,Canine,169,0.74 ,4.00E-44,37.76,QAY30026.1
nucleocapsid protein [Human coronavirus OC43],169,Human,169,0.74 ,4.00E-44,37.17,AIV41994.1
N protein [Human coronavirus OC43],169,Human,169,0.74 ,4.00E-44,37.17,AAX85682.1
N protein [Human coronavirus OC43],169,Human,169,0.74 ,4.00E-44,37.76,AIL49430.1
nucleocapsid protein [Human coronavirus OC43],169,Human,169,0.74 ,5.00E-44,37.17,AOL02457.1
N protein [Human coronavirus OC43],168,Human,168,0.74 ,1.00E-43,37.76,ANZ78879.1
nucleocapsid phosphoprotein [Human coronavirus HKU1],143,Human,143,0.54 ,8.00E-36,40.93,AJQ24069.1
nucleocapsid phosphoprotein [Human coronavirus HKU1],141,Human,141,0.54 ,5.00E-35,40.51,AJQ24070.1
nucleocapsid phosphoprotein [Human coronavirus OC43],130,Human,130,0.54 ,8.00E-32,42.21,AJQ24082.1
nucleocapsid phosphoprotein [Human coronavirus OC43],130,Human,130,0.54 ,1.00E-31,40.25,AJQ24089.1
nucleocapsid phosphoprotein [Human coronavirus OC43],130,Human,130,0.54 ,2.00E-31,41.18,AJQ24081.1
nucleocapsid phosphoprotein [Human coronavirus OC43],129,Human,129,0.54 ,4.00E-31,41.8,AJQ24087.1
nucleocapsid phosphoprotein [Human coronavirus OC43],129,Human,129,0.54 ,5.00E-31,41.8,AJQ24080.1
nucleocapsid phosphoprotein [Human coronavirus OC43],127,Human,127,0.53 ,1.00E-30,41.25,AJQ24078.1
nucleocapsid phosphoprotein [Human coronavirus OC43],125,Human,125,0.49 ,9.00E-30,41.44,AJQ24067.1
nucleocapsid phosphoprotein [Human coronavirus OC43],124,Human,124,0.53 ,4.00E-29,40.66,AJQ24079.1
nucleoprotein [Canine coronavirus],124,Canine,124,0.75 ,7.00E-28,31.76,AAT45198.1
nucleocapsid protein [Bovine coronavirus],119,Bovine,119,0.43 ,2.00E-27,41.92,ANJ04982.1
nucleocapsid protein [Canine coronavirus],122,Canine,122,0.75 ,3.00E-27,32.19,AFX81086.1
nucleocapsid phosphoprotein [Human coronavirus OC43],118,Human,118,0.54 ,3.00E-27,40.16,AJQ24090.1
"Chain A, Nucleoprotein [Murine hepatitis virus strain A59]",115,Murine,115,0.30 ,6.00E-27,46.09,3HD4_A
nucleocapsid protein [Bovine coronavirus],113,Bovine,113,0.30 ,3.00E-26,46.51,QCI55933.1
nucleocapsid protein [Bovine coronavirus],113,Bovine,113,0.30 ,3.00E-26,46.51,QCI55935.1
nucleocapsid protein [Bovine coronavirus],116,Bovine,116,0.30 ,4.00E-26,47.29,QFR55276.1
"Chain A, Nucleoprotein [Human coronavirus OC43]",112,Human,112,0.30 ,5.00E-26,47.29,4J3K_A
N protein [Bovine coronavirus],115,Bovine,115,0.30 ,5.00E-26,47.29,QCQ18297.1
N protein [Bovine coronavirus],115,Bovine,115,0.30 ,6.00E-26,47.29,QCQ18299.1
N protein [Bovine coronavirus],115,Bovine,115,0.30 ,6.00E-26,47.29,QCQ18296.1
N protein [Bovine coronavirus],115,Bovine,115,0.30 ,6.00E-26,47.29,QCQ18298.1
nucleocapsid [Bovine coronavirus],115,Bovine,115,0.30 ,7.00E-26,47.29,AHA50766.1
nucleocapsid [Bovine coronavirus],115,Bovine,115,0.30 ,7.00E-26,47.29,AHA50770.1
nucleocapsid protein [Bovine coronavirus],115,Bovine,115,0.30 ,8.00E-26,47.29,ANJ04983.1
nucleocapsid protein [Canine coronavirus],117,Canine,117,0.63 ,2.00E-25,33.7,ANF07135.1
nucleocapsid protein [Bovine coronavirus],114,Bovine,114,0.30 ,2.00E-25,46.51,APF31790.1
"Chain A, Nucleoprotein [Human coronavirus OC43]",111,Human,111,0.29 ,2.00E-25,46.88,4LM9_A
nucleocapsid protein [Cardioderma bat coronavirus/Kenya/KY43/2006],116,Bat,116,0.66 ,5.00E-25,31.56,ADX59455.1
nucleoprotein [Canine coronavirus],116,Canine,116,0.63 ,5.00E-25,33.58,ACJ64181.1
nucleocapsid [Bat coronavirus HKU7],114,Bat,114,0.68 ,3.00E-24,29.94,ABG75578.1
nucleocapsid protein [Bat coronavirus 1A],111,Bat,111,0.76 ,3.00E-23,30.24,YP_001718609.1
nucleocapsid protein [Bovine coronavirus],104,Bovine,104,0.28 ,6.00E-23,47.11,ACI88715.1
nucleoprotein [Bat coronavirus CDPHE15/USA/2006],110,Bat,110,0.79 ,8.00E-23,30.52,YP_008439206.1
nucleocapsid protein [Miniopterus schreibersii bat coronavirus 1-related],109,Bat,109,0.70 ,1.00E-22,30.1,QHA24722.1
nucleocapsid [Bat coronavirus 1B],108,Bat,108,0.76 ,2.00E-22,31,ABG75577.1
nucleocapsid protein [Porcine hemagglutinating encephalomyelitis virus],102,Porcine,102,0.25 ,2.00E-22,50.91,ADN86133.1
nucleocapsid protein [Porcine hemagglutinating encephalomyelitis virus],102,Porcine,102,0.25 ,3.00E-22,50.91,ADN86141.1
nucleocapsid protein [Porcine hemagglutinating encephalomyelitis virus],102,Porcine,102,0.25 ,3.00E-22,50.91,ADN86120.1
nucleocapsid protein [Porcine hemagglutinating encephalomyelitis virus],102,Porcine,102,0.25 ,6.00E-22,50.91,ADN86138.1
nucleocapsid [Transmissible gastroenteritis virus],105,Bat,105,0.93 ,3.00E-21,27,ANR94923.1
nucleocapsid protein [Canine coronavirus],103,Canine,103,0.74 ,3.00E-20,30.62,BAN67924.1
RecName: Full=Nucleoprotein; AltName: Full=Nucleocapsid protein; Short=NC; Short=Protein N [Canine enteric coronavirus K378],103,Canine,103,0.63 ,3.00E-20,32.48,Q04700.1
nucleocapsid protein [Canine coronavirus],102,Canine,102,0.83 ,4.00E-20,29.33,ANF07133.1
nucleocapsid protein [Alphacoronavirus Bat-CoV/P.kuhlii/Italy/206679-3/2010],103,Bat,103,0.66 ,4.00E-20,30.42,AZF86134.1
RecName: Full=Nucleoprotein; AltName: Full=Nucleocapsid protein; Short=NC; Short=Protein N [Porcine respiratory coronavirus (strain 86/137004 / British isolate)],102,Porcine,102,0.77 ,6.00E-20,26.97,P33463.1
nucleocapsid protein [Human coronavirus NL63],102,Human,102,0.64 ,6.00E-20,29.79,ABE97134.1
nucleocapsid phosphoprotein [Rousettus bat coronavirus HKU9],96.3,Bat,96.3,0.30 ,6.00E-20,41.73,AFH02770.1
nucleoprotein [Porcine respiratory coronavirus],102,Porcine,102,0.86 ,7.00E-20,30.56,AKV62760.1
RecName: Full=Nucleoprotein; AltName: Full=Nucleocapsid protein; Short=NC; Short=Protein N [Porcine respiratory coronavirus (STRAIN RM4)],102,Porcine,102,0.77 ,7.00E-20,26.97,P24411.1
N protein [Canine coronavirus],102,Canine,102,0.63 ,7.00E-20,32.59,ACJ63248.1
nucleocapsid protein [Canine coronavirus],101,Canine,101,0.78 ,8.00E-20,29.08,ANF07130.1
nucleocapsid protein [Hipposideros bat coronavirus HKU10],102,Bat,102,0.67 ,8.00E-20,28.48,AFU92090.1
nucleocapsid phosphoprotein [Rousettus bat coronavirus HKU9],95.9,Bat,95.9,0.30 ,8.00E-20,39.57,AFH02776.1
nucleocapsid protein [Hipposideros bat coronavirus HKU10],101,Bat,101,0.67 ,9.00E-20,28.48,AFU92082.1
nucleocapsid phosphoprotein [Human coronavirus OC43],95.9,Human,95.9,0.33 ,9.00E-20,41.96,AJQ24074.1
nucleocapsid protein [Canine coronavirus],101,Canine,101,0.75 ,1.00E-19,30.56,ADB10855.1
nucleocapsid protein [Canine coronavirus],101,Canine,101,0.75 ,1.00E-19,30.56,AAZ91442.1
nucleoprotein [Canine coronavirus],100,Canine,100,0.75 ,1.00E-19,30.98,ADU17740.1
nucleocapsid protein [Rhinolophus affinis bat coronavirus HKU2-related],101,Bat,101,0.66 ,1.00E-19,31.08,QHA24707.1
nucleocapsid protein [Canine coronavirus],101,Canine,101,0.63 ,1.00E-19,33.96,ANF07131.1
nucleocapsid protein [Canine coronavirus],100,Canine,100,0.63 ,1.00E-19,31.85,ANF07136.1
nucleocapsid protein [Canine coronavirus],100,Canine,100,0.63 ,1.00E-19,32.35,BAN67933.1
nucleocapsid protein [Canine coronavirus],100,Canine,100,0.63 ,1.00E-19,31.85,ANF07138.1
nucleocapsid protein [Canine coronavirus],100,Canine,100,0.63 ,1.00E-19,31.85,ANF07132.1
nucleocapsid phosphoprotein [Rousettus bat coronavirus HKU9],95.5,Bat,95.5,0.30 ,1.00E-19,39.57,AFH02773.1
nucleocapsid protein [Porcine hemagglutinating encephalomyelitis virus],95.5,Porcine,95.5,0.27 ,1.00E-19,44.62,ADN86121.1
nucleocapsid [Bat coronavirus],95.1,Bat,95.1,0.26 ,1.00E-19,44.72,ALX72733.1
nucleocapsid protein [Canine coronavirus],100,Canine,100,0.76 ,2.00E-19,30.51,AEQ61973.1
nucleocapsid [Canine coronavirus],100,Canine,100,0.76 ,2.00E-19,30.09,BAW32708.1
N protein [Canine coronavirus],100,Canine,100,0.76 ,2.00E-19,30.09,QGW56788.1
N protein [Canine coronavirus],100,Canine,100,0.76 ,2.00E-19,30.09,QJI07167.1
N protein [Canine coronavirus],100,Canine,100,0.75 ,2.00E-19,30.98,AEE69328.1
nucleoprotein [Canine coronavirus],100,Canine,100,0.75 ,2.00E-19,30.56,ACJ64190.1
N protein [Canine coronavirus],100,Canine,100,0.75 ,2.00E-19,30.56,AAQ96369.1
nucleocapsid protein [Hipposideros bat coronavirus HKU10],100,Bat,100,0.67 ,2.00E-19,28.21,AFU92099.1
nucleocapsid protein [Canine coronavirus],100,Canine,100,0.63 ,2.00E-19,32.35,BAN67936.1
nucleocapsid protein [Porcine hemagglutinating encephalomyelitis virus],95.1,Porcine,95.1,0.27 ,2.00E-19,44.62,ADN86127.1
nucleocapsid [Bat coronavirus],94.4,Bat,94.4,0.26 ,2.00E-19,43.9,ALX72736.1
nucleocapsid protein [Scotophilus bat coronavirus 512],100,Bat,100,0.70 ,3.00E-19,29.41,YP_001351688.1
N protein [Canine coronavirus],100,Canine,100,0.63 ,3.00E-19,31.85,QJI07145.1
nucleoprotein [Canine coronavirus],99.8,Canine,99.8,0.63 ,3.00E-19,31.48,ADU17731.1
nucleocapsid protein [Hipposideros bat coronavirus HKU10],100,Bat,100,0.67 ,4.00E-19,28.16,AFU92074.1
nucleocapsid [Canine coronavirus],99,Canine,99,0.75 ,7.00E-19,30.25,AFG19729.1
nucleocapsid protein [Canine coronavirus],99,Canine,99,0.76 ,8.00E-19,30.51,BAN67941.1
nucleocapsid protein [Canine coronavirus],99,Canine,99,0.75 ,8.00E-19,30.67,BAN67939.1
N protein [Canine coronavirus],98.2,Canine,98.2,0.76 ,1.00E-18,29.48,QJI07101.1
nucleocapsid protein [Rousettus bat coronavirus HKU10],98.6,Bat,98.6,0.67 ,1.00E-18,28.21,AFU92117.1
nucleocapsid protein [Hipposideros bat coronavirus HKU10],98.2,Bat,98.2,0.67 ,1.00E-18,27.9,AFU92126.1
nucleocapsid protein [Canine coronavirus],98.6,Canine,98.6,0.63 ,1.00E-18,31.48,AFX81103.1
nucleocapsid protein [Human coronavirus HKU1],92.4,Human,92.4,0.23 ,1.00E-18,48,ABA60793.1
nucleocapsid protein [Human coronavirus HKU1],92,Human,92,0.23 ,1.00E-18,48,ABA60794.1
nucleocapsid protein [Canine coronavirus],97.4,Canine,97.4,0.76 ,2.00E-18,30.51,BAN67940.1
N protein [Canine coronavirus],97.8,Canine,97.8,0.75 ,2.00E-18,31.35,AAR11076.1
nucleocapsid protein [Canine coronavirus],97.8,Canine,97.8,0.63 ,2.00E-18,31.85,ANF07134.1
nucleocapsid protein [Chaerephon bat coronavirus/Kenya/KY41/2006],97.8,Bat,97.8,0.76 ,3.00E-18,29.67,ADX59462.1
nucleocapsid protein [Canine coronavirus],97.4,Canine,97.4,0.63 ,3.00E-18,31.99,BAN67938.1
nucleocapsid protein [Canine coronavirus],96.7,Canine,96.7,0.76 ,4.00E-18,30.21,ADB28913.1
N [229E-related bat coronavirus] [229E-related bat coronavirus],97.1,Bat,97.1,0.74 ,4.00E-18,30.99,ALK28791.1
N protein [Canine coronavirus],96.3,Canine,96.3,0.75 ,6.00E-18,29.94,AAQ96370.1
nucleocapsid protein [Human coronavirus NL63],96.3,Human,96.3,0.64 ,6.00E-18,30.14,AWK59971.1
nucleoprotein [Bat coronavirus Hipposideros/GhanaBoo/344/2008],96.3,Bat,96.3,0.62 ,6.00E-18,31.96,ACN78943.1
nucleocapsid protein [Porcine epidemic diarrhea virus],96.7,Porcine,96.7,0.74 ,7.00E-18,27.84,AJD09526.1
nucleocapsid protein [Porcine epidemic diarrhea virus],95.5,Porcine,95.5,0.69 ,1.00E-17,28.08,QBF53991.1
nucleocapsid protein [Porcine epidemic diarrhea virus],95.9,Porcine,95.9,0.69 ,1.00E-17,28.86,ASV51729.1
nucleocapsid protein [Alphacoronavirus Bat-CoV/P.kuhlii/Italy/206645-41/2011],95.9,Bat,95.9,0.68 ,1.00E-17,31.14,AZF86122.1
nucleocapsid protein [Human coronavirus NL63],95.5,Human,95.5,0.66 ,1.00E-17,30.93,AIW52795.1
nucleocapsid protein [Porcine hemagglutinating encephalomyelitis virus],90.1,Porcine,90.1,0.22 ,1.00E-17,46.46,QBJ01536.1
N protein [Bovine coronavirus],90.1,Bovine,90.1,0.22 ,1.00E-17,46.46,QCQ18292.1
N protein [Porcine epidemic diarrhea virus],95.5,Porcine,95.5,0.69 ,2.00E-17,27.22,AET71261.1
N protein [Porcine epidemic diarrhea virus],95.1,Porcine,95.1,0.69 ,2.00E-17,27.22,AET71259.1
nucleocapsid protein [Chaerephon bat coronavirus/Kenya/KY22/2006],95.1,Bat,95.1,0.66 ,2.00E-17,27.19,ADX59499.1
RecName: Full=Nucleoprotein; AltName: Full=Nucleocapsid protein; Short=NC; Short=Protein N [Canine enteric coronavirus INSAVC-1],95.1,Canine,95.1,0.63 ,2.00E-17,31.82,P36298.1
nucleocapsid protein [Bovine coronavirus],88.6,Bovine,88.6,0.22 ,2.00E-17,46.46,AJF36901.1
nucleocapsid protein [Bovine coronavirus],88.6,Bovine,88.6,0.22 ,2.00E-17,47.42,AJF36893.1
N protein [Bovine coronavirus],89.7,Bovine,89.7,0.22 ,2.00E-17,46.46,QCQ18293.1
nucleocapsid protein [Bovine coronavirus],88.6,Bovine,88.6,0.22 ,2.00E-17,46.46,AJF36905.1
nucleocapsid protein [Porcine epidemic diarrhea virus],94.4,Porcine,94.4,0.69 ,3.00E-17,28.53,QBF53922.1
nucleocapsid protein [Porcine epidemic diarrhea virus],94.4,Porcine,94.4,0.69 ,3.00E-17,28.53,QBF53924.1
nucleoprotein [Human coronavirus 229E],94.4,Human,94.4,0.65 ,3.00E-17,27.85,ABB90484.1
N protein [Bovine coronavirus],89,Bovine,89,0.22 ,3.00E-17,46.46,QGW57583.1
nucleocapsid protein [Porcine epidemic diarrhea virus],94.7,Porcine,94.7,0.74 ,4.00E-17,27.91,AYP73643.1
nucleocapsid protein [Porcine epidemic diarrhea virus],94,Porcine,94,0.74 ,4.00E-17,28.57,QBF54004.1
nucleocapsid protein [Porcine epidemic diarrhea virus],94.4,Porcine,94.4,0.74 ,4.00E-17,27.91,AYP73649.1
nucleocapsid protein [Porcine epidemic diarrhea virus],94.4,Porcine,94.4,0.74 ,4.00E-17,28.38,ANI85780.1
nucleocapsid protein [Porcine epidemic diarrhea virus],94.4,Porcine,94.4,0.74 ,4.00E-17,28.3,AHG97489.1
N protein [Bovine coronavirus],88.6,Bovine,88.6,0.22 ,4.00E-17,46.46,QGW57581.1
N protein [Bovine coronavirus],88.6,Bovine,88.6,0.22 ,4.00E-17,46.46,QGW57580.1
nucleocapsid protein [Porcine epidemic diarrhea virus],94,Porcine,94,0.72 ,5.00E-17,27.5,QBF53926.1
nucleocapsid protein [Porcine epidemic diarrhea virus],94.4,Porcine,94.4,0.69 ,5.00E-17,27.22,AJP67412.1
N protein [Bovine coronavirus],88.2,Bovine,88.2,0.22 ,5.00E-17,46.46,QGW57579.1
nucleocapsid protein [Porcine epidemic diarrhea virus],93.2,Porcine,93.2,0.74 ,1.00E-16,28.11,ALM09392.1
nucleocapsid protein [Porcine epidemic diarrhea virus],92.8,Porcine,92.8,0.74 ,1.00E-16,28.11,QBF53934.1
N protein [229E-related bat coronavirus],92.8,Bat,92.8,0.69 ,1.00E-16,27.54,APD51503.1
N protein [Porcine epidemic diarrhea virus],93.2,Porcine,93.2,0.69 ,1.00E-16,28.94,AET71266.1
nucleocapsid protein [Porcine epidemic diarrhea virus],93.2,Porcine,93.2,0.69 ,1.00E-16,29.23,AJD09542.1
N protein [Porcine epidemic diarrhea virus],92.8,Porcine,92.8,0.69 ,1.00E-16,27.22,AUD08956.1
nucleocaspid protein [Porcine epidemic diarrhea virus],92.8,Porcine,92.8,0.69 ,1.00E-16,28.65,AUV64203.1
nucleocapsid protein [Human coronavirus HKU1],86.7,Human,86.7,0.23 ,1.00E-16,46,ABA60796.1
N protein [Bovine coronavirus],87,Bovine,87,0.22 ,1.00E-16,45.45,QCQ18294.1
nucleocapsid protein [Bovine coronavirus],86.7,Bovine,86.7,0.21 ,1.00E-16,47.37,AJF36902.1
nucleocapsid protein [Porcine epidemic diarrhea virus],92.8,Porcine,92.8,0.74 ,2.00E-16,28.38,AJD09527.1
nucleocapsid protein [Porcine epidemic diarrhea virus],92.8,Porcine,92.8,0.73 ,2.00E-16,27.6,ABC84374.1
nucleocapsid protein [Porcine epidemic diarrhea virus],92.4,Porcine,92.4,0.69 ,2.00E-16,27.79,QBF53954.1
nucleoprotein [Porcine epidemic diarrhea virus],92.4,Porcine,92.4,0.69 ,2.00E-16,28.37,ABS72127.1
nucleocapsid protein [Porcine epidemic diarrhea virus],92.4,Porcine,92.4,0.69 ,2.00E-16,27.79,QAY31035.1
nucleoprotein [Porcine epidemic diarrhea virus],92.4,Porcine,92.4,0.69 ,2.00E-16,27.79,QHD43128.1
nucleocapsid protein [Porcine epidemic diarrhea virus],92.4,Porcine,92.4,0.69 ,2.00E-16,27.79,APG31002.1
nucleocapsid protein [Porcine epidemic diarrhea virus],92,Porcine,92,0.69 ,2.00E-16,27.51,QBF53956.1
nucleocapsid protein [Porcine epidemic diarrhea virus],92.4,Porcine,92.4,0.69 ,2.00E-16,28.65,AFV09318.1
N protein [Porcine epidemic diarrhea virus],92.4,Porcine,92.4,0.69 ,2.00E-16,28.65,AET71247.1
nucleocapsid protein [Porcine enteric alphacoronavirus],92,Porcine,92,0.68 ,2.00E-16,29.05,AWJ64267.1
nucleocapsid protein [Rhinolophus bat coronavirus HKU2],91.7,Bat,91.7,0.68 ,2.00E-16,29.05,ATN23893.1
nucleoprotein [Human coronavirus 229E],91.7,Human,91.7,0.65 ,2.00E-16,29.47,ABB90493.1
N protein [Bovine coronavirus],86.7,Bovine,86.7,0.22 ,2.00E-16,45.45,QCQ18290.1
N protein [Bovine coronavirus],86.3,Bovine,86.3,0.22 ,2.00E-16,45.45,QCQ18289.1
nucleocapsid protein [Porcine epidemic diarrhea virus],91.7,Porcine,91.7,0.74 ,3.00E-16,27.84,QBF54013.1
nucleocapsid protein [Porcine epidemic diarrhea virus],92,Porcine,92,0.74 ,3.00E-16,28.38,AFE85966.1
nucleocapsid protein [Porcine epidemic diarrhea virus],91.3,Porcine,91.3,0.74 ,3.00E-16,27.84,QBF53981.1
nucleocapsid protein [Porcine epidemic diarrhea virus],91.7,Porcine,91.7,0.69 ,3.00E-16,28.37,QBF54005.1
nucleocapsid protein [Porcine epidemic diarrhea virus],91.7,Porcine,91.7,0.69 ,3.00E-16,27.51,QBF53966.1
nucleocapsid protein [Porcine epidemic diarrhea virus],91.7,Porcine,91.7,0.69 ,3.00E-16,27.51,QBF53942.1
nucleocapsid protein [Porcine epidemic diarrhea virus],92,Porcine,92,0.69 ,3.00E-16,28.94,AAY78934.1
nucleocapsid protein [Porcine epidemic diarrhea virus],91.7,Porcine,91.7,0.69 ,3.00E-16,27.51,QBF54016.1
nucleocapsid protein [Porcine epidemic diarrhea virus],92,Porcine,92,0.69 ,3.00E-16,28.65,QJG66102.1
N protein [Porcine epidemic diarrhea virus],92,Porcine,92,0.69 ,3.00E-16,28.65,AET71245.1
nucleocapsid phosphoprotein [Rhinolophus bat coronavirus HKU2],91.3,Bat,91.3,0.68 ,3.00E-16,29.05,AVM80791.1
nucleocapsid protein [Porcine epidemic diarrhea virus],91.7,Porcine,91.7,0.74 ,4.00E-16,27.84,QBA57562.1
nucleocapsid protein [Porcine epidemic diarrhea virus],90.9,Porcine,90.9,0.74 ,4.00E-16,27.57,QBF53931.1
nucleocapsid protein [Porcine epidemic diarrhea virus],91.3,Porcine,91.3,0.74 ,4.00E-16,27.84,SNQ28020.1
nucleocapsid protein [Porcine epidemic diarrhea virus],91.7,Porcine,91.7,0.69 ,4.00E-16,26.93,ASW30998.1
N protein [Porcine epidemic diarrhea virus],91.7,Porcine,91.7,0.69 ,4.00E-16,28.65,QHB92368.1
nucleocapsid protein [Porcine epidemic diarrhea virus],91.7,Porcine,91.7,0.69 ,4.00E-16,28.65,AJD09535.1
nucleocapsid protein [Porcine epidemic diarrhea virus],91.7,Porcine,91.7,0.69 ,4.00E-16,28.37,AKS26493.1
nucleoprotein [Human coronavirus 229E],90.9,Human,90.9,0.65 ,4.00E-16,29.8,AIW52723.1
N protein [Porcine epidemic diarrhea virus],91.3,Porcine,91.3,0.74 ,5.00E-16,27.84,QCQ19832.1
nucleocapsid protein [Porcine epidemic diarrhea virus],91.3,Porcine,91.3,0.74 ,5.00E-16,27.84,AIE15969.1
N protein [Porcine epidemic diarrhea virus],91.3,Porcine,91.3,0.73 ,5.00E-16,27.6,QCQ19928.1
nucleocapsid protein [Porcine epidemic diarrhea virus],91.3,Porcine,91.3,0.69 ,5.00E-16,28.65,ATG31098.1
nucleocapsid protein [Porcine epidemic diarrhea virus],90.9,Porcine,90.9,0.69 ,5.00E-16,28.57,QBF54000.1
nucleocapsid protein [Porcine epidemic diarrhea virus],91.3,Porcine,91.3,0.69 ,5.00E-16,28.37,AXK47362.1
nucleocapsid protein [Porcine epidemic diarrhea virus],91.3,Porcine,91.3,0.69 ,5.00E-16,28.37,AIE16009.1
nucleocapsid protein [Porcine epidemic diarrhea virus],91.3,Porcine,91.3,0.69 ,5.00E-16,27.51,ANC68211.1
N protein [Porcine epidemic diarrhea virus],91.3,Porcine,91.3,0.69 ,5.00E-16,28.37,AET71263.1
nucleocapsid protein [Porcine epidemic diarrhea virus],91.3,Porcine,91.3,0.69 ,5.00E-16,28.65,AJD09538.1
nucleocapsid protein [Porcine epidemic diarrhea virus],91.3,Porcine,91.3,0.69 ,5.00E-16,28.37,AWM11490.1
nucleocapsid protein [Porcine epidemic diarrhea virus],90.9,Porcine,90.9,0.74 ,6.00E-16,27.84,AGA94624.1
nucleocapsid protein [Porcine epidemic diarrhea virus],90.5,Porcine,90.5,0.72 ,6.00E-16,27.07,QBF53977.1
nucleocapsid protein [Porcine epidemic diarrhea virus],90.9,Porcine,90.9,0.73 ,7.00E-16,27.32,AJD09547.1
nucleocapsid protein [Porcine epidemic diarrhea virus],90.9,Porcine,90.9,0.73 ,7.00E-16,27.6,QFG01698.1
N protein [Porcine epidemic diarrhea virus],90.9,Porcine,90.9,0.69 ,7.00E-16,28.37,AYU70939.1
nucleocapsid protein [Porcine epidemic diarrhea virus],90.9,Porcine,90.9,0.69 ,7.00E-16,28.65,QCL09024.1
nucleocapsid protein [Porcine epidemic diarrhea virus],90.9,Porcine,90.9,0.69 ,7.00E-16,28.37,ACK77284.1
nucleoprotein [Porcine epidemic diarrhea virus],90.9,Porcine,90.9,0.69 ,7.00E-16,27.51,AYN79040.1
nucleocapsid [Porcine epidemic diarrhea virus],90.9,Bat,90.9,0.69 ,7.00E-16,27.79,AID56971.1
N [Human coronavirus 229E] [Human coronavirus 229E],90.5,Human,90.5,0.65 ,7.00E-16,28.43,APT69866.1
nucleocapsid protein [Porcine deltacoronavirus],89.7,Porcine,89.7,0.85 ,8.00E-16,27.49,AWV96570.1
nucleocapsid protein [Porcine epidemic diarrhea virus],90.5,Porcine,90.5,0.73 ,8.00E-16,27.1,AOV85638.1
nucleoprotein [Porcine epidemic diarrhea virus],90.5,Bat,90.5,0.69 ,8.00E-16,27.51,AAT75300.1
nucleocapsid protein [Human coronavirus 229E],90.1,Human,90.1,0.67 ,8.00E-16,28.66,AMM42513.1
N protein [Bovine coronavirus],84.7,Bovine,84.7,0.22 ,8.00E-16,44.44,QCQ18291.1
nucleocapsid protein [Porcine epidemic diarrhea virus],90.5,Porcine,90.5,0.69 ,9.00E-16,27.51,AKO90059.1
nucleoprotein [Human coronavirus 229E],90.1,Human,90.1,0.65 ,9.00E-16,29.14,ABB90494.1
N protein [Bovine coronavirus],84.3,Bovine,84.3,0.21 ,9.00E-16,46.67,QCQ18300.1
N protein [Porcine epidemic diarrhea virus],90.5,Porcine,90.5,0.69 ,1.00E-15,27.79,AIC82422.1
N protein [Porcine epidemic diarrhea virus],90.1,Porcine,90.1,0.69 ,1.00E-15,28.37,AET71273.1
nucleocapsid protein [Porcine epidemic diarrhea virus],90.1,Porcine,90.1,0.69 ,1.00E-15,28.08,ADN26215.1
N protein [Porcine epidemic diarrhea virus],90.1,Porcine,90.1,0.69 ,1.00E-15,27.51,AFQ37602.1
nucleocapsid protein [Porcine epidemic diarrhea virus],90.1,Porcine,90.1,0.69 ,1.00E-15,27.79,QHU76807.1
N protein [Porcine epidemic diarrhea virus],90.1,Porcine,90.1,0.69 ,1.00E-15,28.37,AEZ68024.1
nucleocapsid protein [Porcine epidemic diarrhea virus],90.1,Porcine,90.1,0.69 ,1.00E-15,27.79,AKJ22107.1
N protein [Porcine epidemic diarrhea virus],90.1,Porcine,90.1,0.69 ,1.00E-15,27.51,QCQ19988.1
nucleocapsid protein [Porcine epidemic diarrhea virus],90.1,Porcine,90.1,0.69 ,1.00E-15,27.79,QHU76802.1
nucleoprotein [Porcine epidemic diarrhea virus],90.1,Porcine,90.1,0.69 ,1.00E-15,27.79,ATJ03679.1
nucleocapsid protein [Porcine epidemic diarrhea virus],90.1,Porcine,90.1,0.69 ,1.00E-15,27.79,QHU76832.1
N protein [Porcine epidemic diarrhea virus],90.1,Porcine,90.1,0.69 ,1.00E-15,27.51,AET71250.1
nucleocapsid protein [Porcine epidemic diarrhea virus],89.7,Porcine,89.7,0.69 ,1.00E-15,27.87,QBF53929.1
nucleocapsid protein [Porcine epidemic diarrhea virus],90.1,Porcine,90.1,0.69 ,1.00E-15,27.79,QHU76817.1
nucleocapsid protein [Porcine epidemic diarrhea virus],90.1,Porcine,90.1,0.69 ,1.00E-15,28.37,AJD09531.1
N protein [Porcine epidemic diarrhea virus],89.7,Porcine,89.7,0.69 ,1.00E-15,28.65,AET71268.1
N protein [Porcine epidemic diarrhea virus],89.7,Porcine,89.7,0.69 ,1.00E-15,27.79,AFU07539.1
nucleocapsid protein [Porcine epidemic diarrhea virus],89.7,Porcine,89.7,0.69 ,1.00E-15,27.35,AQX36346.1
nucleocapsid protein [Porcine epidemic diarrhea virus],89.7,Porcine,89.7,0.69 ,1.00E-15,27.51,AMZ01561.1
nucleoprotein [Human coronavirus 229E],90.1,Human,90.1,0.65 ,1.00E-15,29.14,AGT21371.1
nucleoprotein [Human coronavirus 229E],89.7,Human,89.7,0.65 ,1.00E-15,29.14,ABB90504.1
nucleoprotein [Human coronavirus 229E],89.7,Human,89.7,0.65 ,1.00E-15,28.81,ABB90487.1
nucleoprotein [Human coronavirus 229E],89.7,Human,89.7,0.65 ,1.00E-15,29.14,AGT21342.1
nucleocapsid protein [Human coronavirus 229E],89.7,Human,89.7,0.65 ,1.00E-15,29.47,AIW52712.1
nucleoprotein [Human coronavirus 229E],89.7,Human,89.7,0.65 ,1.00E-15,29.14,ABB90495.1
nucleocapsid protein [Human coronavirus 229E],89.7,Human,89.7,0.65 ,1.00E-15,28.43,AIW52708.1
nucleocapsid protein [Human coronavirus 229E],89.7,Human,89.7,0.65 ,1.00E-15,29.47,AIW52704.1
nucleoprotein [Human coronavirus 229E],89.7,Human,89.7,0.65 ,1.00E-15,28.81,ABB90505.1
nucleoprotein [Human coronavirus 229E],89.7,Human,89.7,0.65 ,1.00E-15,29.47,ABB90499.1
nucleocapsid protein [Human coronavirus 229E],89.4,Human,89.4,0.65 ,1.00E-15,29.47,AFR79254.1
nucleocapsid protein [Human coronavirus 229E],89.4,Human,89.4,0.65 ,1.00E-15,29.47,BAP75907.1
nucleocapsid protein [Human coronavirus 229E],89.4,Human,89.4,0.65 ,1.00E-15,29.47,AIW52715.1
nucleocapsid protein [Human coronavirus 229E],89.4,Human,89.4,0.65 ,1.00E-15,28.9,AAA45463.1
nucleocapsid protein [Human coronavirus 229E],89.4,Human,89.4,0.65 ,1.00E-15,28.81,AFR79261.1
nucleoprotein [Human coronavirus 229E],89.4,Human,89.4,0.65 ,1.00E-15,29.47,AIW52722.1
nucleocapsid protein - bovine coronavirus (strain F15) (fragment) [Bovine coronavirus],85.1,Bovine,85.1,0.21 ,1.00E-15,46.67,B60378
nucleocapsid protein [Porcine epidemic diarrhea virus],89.4,Porcine,89.4,0.72 ,2.00E-15,27.35,SNQ28042.1
nucleocapsid protein [Porcine epidemic diarrhea virus],89,Porcine,89,0.72 ,2.00E-15,27.35,QBF53957.1
nucleocapsid protein [Porcine epidemic diarrhea virus],89,Porcine,89,0.72 ,2.00E-15,27.35,QBF53950.1
nucleocapsid protein [Porcine epidemic diarrhea virus],89,Porcine,89,0.72 ,2.00E-15,27.35,QBF53933.1
nucleocapsid protein [Rousettus aegyptiacus bat coronavirus 229E-related],89,Bat,89,0.71 ,2.00E-15,28.11,QHA24669.1
nucleocapsid protein [Porcine epidemic diarrhea virus],89.7,Porcine,89.7,0.69 ,2.00E-15,27.51,AZS18882.1
nucleocapsid protein [Porcine epidemic diarrhea virus],89.7,Porcine,89.7,0.69 ,2.00E-15,27.51,QBO24673.1
nucleocapsid protein [Porcine epidemic diarrhea virus],89.7,Porcine,89.7,0.69 ,2.00E-15,27.79,ASY04647.1
nucleocapsid protein [Porcine epidemic diarrhea virus],89.7,Porcine,89.7,0.69 ,2.00E-15,28.57,AJP67436.1
nucleocapsid protein [Porcine epidemic diarrhea virus],89.7,Porcine,89.7,0.69 ,2.00E-15,28.08,ACK77276.1
N protein [Porcine epidemic diarrhea virus],89.4,Porcine,89.4,0.69 ,2.00E-15,27.51,AFU07543.1
nucleocapsid [Porcine epidemic diarrhea virus],89.4,Porcine,89.4,0.69 ,2.00E-15,27.22,ARQ03273.1
nucleocapsid [Porcine epidemic diarrhea virus],89.4,Porcine,89.4,0.69 ,2.00E-15,27.51,AID56959.1
N protein [Porcine epidemic diarrhea virus],89.4,Porcine,89.4,0.69 ,2.00E-15,27.79,QCQ19994.1
nucleocapsid protein [Porcine epidemic diarrhea virus],89.4,Porcine,89.4,0.69 ,2.00E-15,28.08,ACK77278.1
nucleoprotein [Porcine epidemic diarrhea virus],89.4,Porcine,89.4,0.69 ,2.00E-15,27.79,ATJ03674.1
N protein [Porcine epidemic diarrhea virus],89.4,Porcine,89.4,0.69 ,2.00E-15,27.79,QCQ20000.1
N [Human coronavirus 229E] [Human coronavirus 229E],89.4,Human,89.4,0.65 ,2.00E-15,29.43,APT69860.1
nucleocapsid protein [Human coronavirus 229E],89.4,Human,89.4,0.65 ,2.00E-15,29.43,ARK08646.1
nucleocapsid protein [Human coronavirus 229E],89,Human,89,0.65 ,2.00E-15,28.81,BAP75906.1
nucleocapsid protein [Human coronavirus 229E],89.4,Human,89.4,0.65 ,2.00E-15,28.09,AMM42511.1
N [Human coronavirus 229E] [Human coronavirus 229E],89.4,Human,89.4,0.65 ,2.00E-15,29.43,APT69853.1
nucleocapsid protein [Human coronavirus 229E],89.4,Human,89.4,0.65 ,2.00E-15,28.86,QEO75989.1
nucleocapsid protein [Human coronavirus 229E],89.4,Human,89.4,0.65 ,2.00E-15,28.81,AGW80953.1
nucleocapsid protein [Human coronavirus 229E],89,Human,89,0.65 ,2.00E-15,28.09,AIW52721.1
nucleocapsid protein [Human coronavirus 229E],89,Human,89,0.65 ,2.00E-15,28.09,AIW52710.1
N [Human coronavirus 229E] [Human coronavirus 229E],89,Human,89,0.65 ,2.00E-15,29.57,APT69887.1
nucleoprotein [Human coronavirus 229E],89,Human,89,0.65 ,2.00E-15,28.81,ABB90483.1
nucleocapsid protein [Human coronavirus 229E],89,Human,89,0.65 ,2.00E-15,28.38,AST12968.1
nucleoprotein [Human coronavirus 229E],89,Human,89,0.65 ,2.00E-15,28.81,ABB90486.1
nucleocapsid protein [Human coronavirus 229E],89,Human,89,0.65 ,2.00E-15,28.81,NP_073556.1
nucleocapsid protein [Human coronavirus 229E],89,Human,89,0.65 ,2.00E-15,29.14,ARX11400.1
nucleocapsid protein [Porcine epidemic diarrhea virus],89,Porcine,89,0.72 ,3.00E-15,27.4,ALB08475.1
nucleocapsid protein [Porcine epidemic diarrhea virus],89,Porcine,89,0.71 ,3.00E-15,27.17,BAT33171.1
nucleocapsid protein [Porcine epidemic diarrhea virus],89,Porcine,89,0.69 ,3.00E-15,27.51,SNQ27953.1
nucleocapsid protein [Porcine epidemic diarrhea virus],89,Porcine,89,0.69 ,3.00E-15,27.51,AVK78145.1
N protein [Porcine epidemic diarrhea virus],89,Porcine,89,0.69 ,3.00E-15,27.51,AIC82424.1
nucleocapsid protein [Porcine epidemic diarrhea virus],89,Porcine,89,0.69 ,3.00E-15,27.51,ARQ18612.1
N protein [Porcine epidemic diarrhea virus],89,Porcine,89,0.69 ,3.00E-15,27.51,QCQ19808.1
nucleocapsid [Porcine epidemic diarrhea virus],89,Porcine,89,0.69 ,3.00E-15,27.51,AKE47382.1
N protein [Porcine epidemic diarrhea virus],89,Porcine,89,0.69 ,3.00E-15,27.51,AET71253.1
nucleocapsid protein [Porcine epidemic diarrhea virus],88.2,Porcine,88.2,0.69 ,3.00E-15,27.51,QBF54003.1
N [229E-related bat coronavirus] [229E-related bat coronavirus],88.6,Bat,88.6,0.62 ,3.00E-15,28.52,ALK28785.1
N [229E-related bat coronavirus] [229E-related bat coronavirus],88.6,Bat,88.6,0.62 ,3.00E-15,28.52,ALK28779.1
nucleocapsid protein [Porcine epidemic diarrhea virus],88.2,Porcine,88.2,0.72 ,4.00E-15,27.35,QBF53930.1
nucleocapsid protein [Porcine epidemic diarrhea virus],88.2,Porcine,88.2,0.72 ,4.00E-15,27.35,QBF53974.1
nucleoprotein [Porcine epidemic diarrhea virus],88.6,Porcine,88.6,0.71 ,4.00E-15,27.17,ATJ03677.1
nucleoprotein [Porcine epidemic diarrhea virus],88.6,Porcine,88.6,0.71 ,4.00E-15,27.17,ATJ03675.1
nucleocapsid protein [Porcine epidemic diarrhea virus],88.2,Porcine,88.2,0.69 ,4.00E-15,27.51,QBF53984.1
nucleocapsid protein [Porcine epidemic diarrhea virus],88.6,Porcine,88.6,0.69 ,4.00E-15,27.51,AEE26191.1
N protein [Porcine epidemic diarrhea virus],88.6,Porcine,88.6,0.69 ,4.00E-15,27.51,AFK77925.1
nucleoprotein [Porcine epidemic diarrhea virus],88.6,Porcine,88.6,0.69 ,4.00E-15,27.51,ATJ03682.1
neucleocapsid protein [Porcine epidemic diarrhea virus],88.6,Porcine,88.6,0.69 ,4.00E-15,27.51,AWA82551.1
nucleocapsid protein [Porcine epidemic diarrhea virus],88.6,Porcine,88.6,0.69 ,4.00E-15,27.51,ACK77274.1
N protein [Porcine epidemic diarrhea virus],88.6,Porcine,88.6,0.69 ,4.00E-15,27.51,QCQ19892.1
nucleocapsid protein [Porcine epidemic diarrhea virus],88.6,Porcine,88.6,0.69 ,4.00E-15,27.51,ALS35478.1
nucleocapsid protein [Porcine epidemic diarrhea virus],88.6,Porcine,88.6,0.69 ,4.00E-15,27.79,QHU76827.1
nucleocapsid protein [Porcine epidemic diarrhea virus],88.6,Porcine,88.6,0.69 ,4.00E-15,27.51,QED40655.1
nucleocapsid protein [Porcine epidemic diarrhea virus],88.2,Porcine,88.2,0.69 ,4.00E-15,27.51,QBF53987.1
N protein [Porcine epidemic diarrhea virus],88.6,Porcine,88.6,0.69 ,4.00E-15,27.51,AFK77927.1
nucleocapsid protein [Porcine epidemic diarrhea virus],88.6,Porcine,88.6,0.69 ,4.00E-15,27.51,ADN26217.1
N protein [Porcine epidemic diarrhea virus],88.6,Porcine,88.6,0.69 ,4.00E-15,27.51,AEZ68018.1
nucleocapsid protein [Porcine epidemic diarrhea virus],88.2,Porcine,88.2,0.69 ,4.00E-15,27.51,QBF54002.1
nucleocapsid protein [Porcine epidemic diarrhea virus],88.2,Porcine,88.2,0.69 ,4.00E-15,27.51,QBF54010.1
nucleocapsid protein [Porcine epidemic diarrhea virus],88.6,Porcine,88.6,0.69 ,4.00E-15,28.08,AAF82413.1
nucleoprotein [Porcine epidemic diarrhea virus],88.6,Porcine,88.6,0.69 ,4.00E-15,27.51,ADB93870.1
nucleocapsid protein [Porcine epidemic diarrhea virus],88.6,Porcine,88.6,0.69 ,4.00E-15,27.51,ARQ18617.1
N protein [Porcine epidemic diarrhea virus],88.6,Porcine,88.6,0.69 ,4.00E-15,26.93,QFU19276.1
nucleocapsid protein [Porcine epidemic diarrhea virus],88.6,Porcine,88.6,0.69 ,4.00E-15,27.51,AKJ21765.1
nucleocapsid [Porcine epidemic diarrhea virus],88.6,Porcine,88.6,0.69 ,4.00E-15,27.51,AID56713.1
nucleocapsid protein [Porcine epidemic diarrhea virus],88.6,Porcine,88.6,0.69 ,4.00E-15,27.51,AIJ01339.1
N protein [Porcine epidemic diarrhea virus],88.6,Porcine,88.6,0.69 ,4.00E-15,27.51,AMP46775.1
nucleocapsid [Porcine epidemic diarrhea virus],88.6,Porcine,88.6,0.69 ,4.00E-15,27.22,AID57067.1
nucleoprotein [Porcine epidemic diarrhea virus],88.6,Porcine,88.6,0.69 ,4.00E-15,27.51,ATJ03681.1
nucleocapsid protein [Porcine epidemic diarrhea virus],88.6,Porcine,88.6,0.69 ,4.00E-15,27.51,AVU05344.1
N protein [Porcine epidemic diarrhea virus],88.6,Porcine,88.6,0.69 ,4.00E-15,27.51,AFK77923.1
N protein [Porcine epidemic diarrhea virus],88.6,Porcine,88.6,0.69 ,4.00E-15,27.51,AET71251.1
N protein [NL63-related bat coronavirus],88.2,Bat,88.2,0.69 ,4.00E-15,28.05,YP_009328939.1
N protein [Human coronavirus 229E],88.2,Human,88.2,0.65 ,4.00E-15,28.81,ARB07429.1
nucleocapsid protein [Porcine epidemic diarrhea virus],88.6,Porcine,88.6,0.69 ,5.00E-15,27.51,AOS89615.1
nucleocapsid protein [Porcine epidemic diarrhea virus],88.6,Porcine,88.6,0.69 ,5.00E-15,27.22,ANI85816.1
nucleocapsid protein [Porcine epidemic diarrhea virus],88.2,Porcine,88.2,0.69 ,5.00E-15,27.51,AZL47208.1
neucleocapsid protein [Porcine epidemic diarrhea virus],88.2,Porcine,88.2,0.69 ,5.00E-15,27.51,AWA82546.1
N protein [Porcine epidemic diarrhea virus],88.2,Porcine,88.2,0.69 ,5.00E-15,27.51,AMP46778.1
nucleocapsid [Porcine epidemic diarrhea virus],88.2,Porcine,88.2,0.69 ,5.00E-15,27.51,AID56737.1
nucleocapsid protein [Porcine epidemic diarrhea virus],88.2,Porcine,88.2,0.69 ,5.00E-15,27.51,AKC34876.1
nucleocapsid protein [Porcine epidemic diarrhea virus],88.2,Porcine,88.2,0.69 ,5.00E-15,27.51,AZL47220.1
nucleocapsid protein [Porcine epidemic diarrhea virus],88.2,Porcine,88.2,0.69 ,5.00E-15,27.51,AHW40034.1
nucleocapsid protein [Porcine epidemic diarrhea virus],88.2,Porcine,88.2,0.69 ,5.00E-15,27.51,QGQ60244.1
nucleocapsid protein [Porcine epidemic diarrhea virus],88.2,Porcine,88.2,0.69 ,5.00E-15,27.51,AZP53862.1
N protein [Porcine epidemic diarrhea virus],88.2,Porcine,88.2,0.69 ,5.00E-15,27.51,AFU07542.1
N protein [Porcine epidemic diarrhea virus],88.2,Porcine,88.2,0.69 ,5.00E-15,27.51,AHK25049.1
nucleocapsid protein [Porcine epidemic diarrhea virus],88.2,Porcine,88.2,0.69 ,5.00E-15,27.51,QHU76812.1
nucleocapsid [Porcine epidemic diarrhea virus],88.2,Porcine,88.2,0.69 ,5.00E-15,27.43,AID56683.1
nucleocapsid protein [Porcine epidemic diarrhea virus],88.2,Porcine,88.2,0.69 ,5.00E-15,27.51,QBA57556.1
nucleocapsid protein [Porcine epidemic diarrhea virus],88.2,Porcine,88.2,0.69 ,5.00E-15,27.51,AIE16046.1
N protein [Porcine epidemic diarrhea virus],88.2,Porcine,88.2,0.69 ,5.00E-15,27.51,AIC82425.1
nucleocapsid protein [Porcine epidemic diarrhea virus],88.2,Porcine,88.2,0.69 ,5.00E-15,27.51,AIE15964.1
neucleocapsid protein [Porcine epidemic diarrhea virus],88.2,Porcine,88.2,0.69 ,5.00E-15,27.51,AWA82545.1
nucleocapsid protein [Porcine epidemic diarrhea virus],88.2,Porcine,88.2,0.69 ,5.00E-15,27.51,APR64499.1
nucleocapsid protein [Porcine epidemic diarrhea virus],88.2,Porcine,88.2,0.69 ,5.00E-15,27.51,AIE16045.1
nucleocapsid protein [Porcine epidemic diarrhea virus],88.2,Porcine,88.2,0.69 ,5.00E-15,27.51,AFC98507.1
nucleocapsid protein [Porcine epidemic diarrhea virus],88.2,Porcine,88.2,0.69 ,5.00E-15,27.51,AQT33898.1
nucleocapsid protein [Porcine epidemic diarrhea virus],88.2,Porcine,88.2,0.69 ,5.00E-15,27.51,AJD80652.1
nucleocapsid protein [Porcine epidemic diarrhea virus],88.2,Porcine,88.2,0.69 ,5.00E-15,27.51,AIE16014.1
nucleoprotein [Porcine epidemic diarrhea virus],88.2,Porcine,88.2,0.69 ,5.00E-15,27.51,ATJ03661.1
neucleocapsid protein [Porcine epidemic diarrhea virus],88.2,Porcine,88.2,0.69 ,5.00E-15,27.51,AWA82547.1
nucleocapsid protein [Porcine epidemic diarrhea virus],88.2,Porcine,88.2,0.69 ,5.00E-15,27.51,AKP80607.1
nucleocapsid protein [Porcine epidemic diarrhea virus],88.2,Porcine,88.2,0.69 ,5.00E-15,27.51,AIE16039.1
nucleocapsid [Porcine epidemic diarrhea virus],88.2,Porcine,88.2,0.69 ,5.00E-15,27.51,AID56875.1
N protein [Porcine epidemic diarrhea virus],88.2,Porcine,88.2,0.69 ,5.00E-15,27.51,AEZ68021.1
nucleocapsid protein [Porcine epidemic diarrhea virus],88.2,Porcine,88.2,0.69 ,5.00E-15,27.51,AKJ21753.1
nucleocapsid protein [Porcine epidemic diarrhea virus],88.2,Porcine,88.2,0.69 ,5.00E-15,28.08,AJD09539.1
nucleocapsid protein [Porcine epidemic diarrhea virus],88.2,Porcine,88.2,0.69 ,5.00E-15,27.51,QCB65310.1
N protein [Porcine epidemic diarrhea virus],88.2,Porcine,88.2,0.69 ,5.00E-15,27.51,AXS67929.1
N protein [Porcine epidemic diarrhea virus],88.2,Porcine,88.2,0.69 ,5.00E-15,27.51,AUD08952.1
N protein [Porcine epidemic diarrhea virus],88.2,Porcine,88.2,0.69 ,5.00E-15,27.51,AET71271.1
nucleocapsid protein [Porcine epidemic diarrhea virus],88.2,Porcine,88.2,0.69 ,5.00E-15,27.51,AIE16024.1
nucleocapsid [Porcine epidemic diarrhea virus],88.2,Porcine,88.2,0.69 ,5.00E-15,27.51,AID57061.1
N protein [Porcine epidemic diarrhea virus],88.2,Porcine,88.2,0.69 ,5.00E-15,27.51,AUD08955.1
N protein [Porcine epidemic diarrhea virus],88.2,Porcine,88.2,0.69 ,5.00E-15,27.51,QFU19259.1
nucleocapsid protein [Porcine epidemic diarrhea virus],88.2,Porcine,88.2,0.69 ,5.00E-15,27.51,AKJ21717.1
N protein [Porcine epidemic diarrhea virus],88.2,Porcine,88.2,0.69 ,5.00E-15,27.51,AIW06413.1
N protein [Porcine epidemic diarrhea virus],88.2,Porcine,88.2,0.69 ,5.00E-15,28.08,QFU19275.1
N protein [Porcine epidemic diarrhea virus],88.2,Porcine,88.2,0.69 ,5.00E-15,27.51,AHK25041.1
nucleocapsid [Porcine epidemic diarrhea virus],88.2,Porcine,88.2,0.69 ,5.00E-15,27.51,AID56719.1
nucleocapsid protein [Porcine epidemic diarrhea virus],88.2,Porcine,88.2,0.69 ,5.00E-15,27.51,AKJ22011.1
nucleocapsid [Porcine epidemic diarrhea virus],88.2,Porcine,88.2,0.69 ,5.00E-15,27.51,AID56725.1
N protein [Porcine epidemic diarrhea virus],88.2,Porcine,88.2,0.69 ,5.00E-15,27.51,AHK25051.1
nucleocapsid protein [Porcine epidemic diarrhea virus],88.2,Porcine,88.2,0.69 ,5.00E-15,27.51,QCO95420.1
nucleocapsid protein [Porcine epidemic diarrhea virus],88.2,Porcine,88.2,0.69 ,5.00E-15,26.93,QGQ60256.1
nucleocapsid protein [Porcine epidemic diarrhea virus],88.2,Porcine,88.2,0.69 ,5.00E-15,27.51,ANI85738.1
nucleocapsid protein [Porcine epidemic diarrhea virus],88.2,Porcine,88.2,0.69 ,5.00E-15,27.51,BAT33303.1
N protein [Porcine epidemic diarrhea virus],88.2,Porcine,88.2,0.69 ,5.00E-15,27.51,AFK78993.1
N protein [Porcine epidemic diarrhea virus],88.2,Porcine,88.2,0.69 ,5.00E-15,27.51,QCQ20060.1
nucleocapsid protein [Porcine epidemic diarrhea virus],88.2,Porcine,88.2,0.69 ,5.00E-15,27.51,BAT33315.1
nucleocapsid protein [Porcine epidemic diarrhea virus],88.2,Porcine,88.2,0.69 ,5.00E-15,27.51,QFG01716.1
N protein [Porcine epidemic diarrhea virus],88.2,Porcine,88.2,0.69 ,5.00E-15,27.51,AFU07537.1
N protein [Porcine epidemic diarrhea virus],88.2,Porcine,88.2,0.69 ,5.00E-15,27.51,AFU07538.1
N protein [Porcine epidemic diarrhea virus],88.2,Porcine,88.2,0.69 ,5.00E-15,27.51,AYW03313.1
nucleoprotein [Human coronavirus 229E],87.8,Human,87.8,0.65 ,5.00E-15,28.81,ABB90491.1
nucleocapsid protein [Porcine epidemic diarrhea virus],87.8,Porcine,87.8,0.73 ,6.00E-15,26.78,AZL47226.1
nucleoprotein [Porcine epidemic diarrhea virus],88.2,Porcine,88.2,0.69 ,6.00E-15,27.51,ATJ03638.1
nucleocapsid [Porcine epidemic diarrhea virus],88.2,Porcine,88.2,0.69 ,6.00E-15,27.51,AID56899.1
nucleoprotein [Porcine epidemic diarrhea virus],88.2,Porcine,88.2,0.69 ,6.00E-15,27.51,AEE38483.1
nucleoprotein [Porcine epidemic diarrhea virus],88.2,Porcine,88.2,0.69 ,6.00E-15,27.51,ATJ03636.1
N protein [Porcine epidemic diarrhea virus],88.2,Porcine,88.2,0.69 ,6.00E-15,27.51,AFU07545.1
nucleocapsid protein [Porcine epidemic diarrhea virus],88.2,Porcine,88.2,0.69 ,6.00E-15,27.51,ANI85786.1
nucleocapsid protein [Porcine epidemic diarrhea virus],88.2,Porcine,88.2,0.69 ,6.00E-15,27.51,AZL47214.1
nucleocapsid [Porcine epidemic diarrhea virus],88.2,Porcine,88.2,0.69 ,6.00E-15,27.22,AID56791.1
nucleocapsid protein [Porcine epidemic diarrhea virus],88.2,Porcine,88.2,0.69 ,6.00E-15,27.51,AVU05351.1
nucleocapsid protein [Porcine epidemic diarrhea virus],88.2,Porcine,88.2,0.69 ,6.00E-15,27.51,AKJ21711.1
nucleocapsid protein [Porcine epidemic diarrhea virus],88.2,Porcine,88.2,0.69 ,6.00E-15,27.51,AGK89918.1
nucleocapsid protein [Porcine epidemic diarrhea virus],88.2,Porcine,88.2,0.69 ,6.00E-15,27.51,AJD09532.1
nucleocapsid [Porcine epidemic diarrhea virus],88.2,Porcine,88.2,0.69 ,6.00E-15,27.51,AID56863.1
nucleocapsid protein [Porcine epidemic diarrhea virus],88.2,Porcine,88.2,0.69 ,6.00E-15,27.51,AKJ22095.1
nucleocapsid protein [Porcine epidemic diarrhea virus],88.2,Porcine,88.2,0.69 ,6.00E-15,27.51,ALM31936.1
nucleocapsid protein [Porcine epidemic diarrhea virus],88.2,Porcine,88.2,0.69 ,6.00E-15,27.51,ACK77286.1
N protein [Porcine epidemic diarrhea virus],88.2,Porcine,88.2,0.69 ,6.00E-15,27.51,AFU07544.1
nucleocapsid protein [Porcine epidemic diarrhea virus],88.2,Porcine,88.2,0.69 ,6.00E-15,27.51,AUJ79488.1
N protein [Porcine epidemic diarrhea virus],88.2,Porcine,88.2,0.69 ,6.00E-15,27.51,QCQ19868.1
nucleocapsid [Porcine epidemic diarrhea virus],88.2,Porcine,88.2,0.69 ,6.00E-15,27.51,AID56749.1
nucleocapsid protein [Porcine epidemic diarrhea virus],88.2,Porcine,88.2,0.69 ,6.00E-15,27.51,BAT33135.1
nucleocapsid [Porcine epidemic diarrhea virus],88.2,Porcine,88.2,0.69 ,6.00E-15,27.51,AID56953.1
N protein [Porcine epidemic diarrhea virus],88.2,Porcine,88.2,0.69 ,6.00E-15,27.51,AFJ54358.1
nucleocapsid protein [Porcine epidemic diarrhea virus],88.2,Porcine,88.2,0.69 ,6.00E-15,28.57,AZL47232.1
nucleocapsid protein [Porcine epidemic diarrhea virus],88.2,Porcine,88.2,0.69 ,6.00E-15,27.51,AKR05188.1
nucleocapsid protein [Porcine epidemic diarrhea virus],88.2,Porcine,88.2,0.69 ,6.00E-15,27.51,AKJ21879.1
nucleocapsid phosphoprotein [Rhinolophus bat coronavirus HKU2],87.4,Bat,87.4,0.69 ,6.00E-15,28.76,YP_001552240.1
nucleocapsid protein [Porcine epidemic diarrhea virus],87.8,Porcine,87.8,0.69 ,6.00E-15,27.51,QBF53937.1
nucleocapsid protein [Porcine epidemic diarrhea virus],88.2,Porcine,88.2,0.69 ,6.00E-15,27.51,ANI85750.1
N protein [Porcine epidemic diarrhea virus],88.2,Porcine,88.2,0.69 ,6.00E-15,27.51,AIC82417.1
nucleocapsid protein [Porcine epidemic diarrhea virus],88.2,Porcine,88.2,0.69 ,6.00E-15,27.51,QBA57549.1
nucleocapsid protein [Porcine epidemic diarrhea virus],87.8,Porcine,87.8,0.69 ,6.00E-15,27.51,AIN52128.1
nucleocapsid protein [Porcine epidemic diarrhea virus],87.8,Porcine,87.8,0.69 ,6.00E-15,27.22,AHL38188.1
N protein [Porcine epidemic diarrhea virus],87.8,Porcine,87.8,0.69 ,6.00E-15,27.51,AIC82419.1
N protein [Porcine epidemic diarrhea virus],87.8,Porcine,87.8,0.69 ,6.00E-15,27.51,AHK25043.1
nucleocapsid protein [Porcine epidemic diarrhea virus],87.8,Porcine,87.8,0.69 ,6.00E-15,27.51,ALM31948.1
N protein [Porcine epidemic diarrhea virus],87.8,Porcine,87.8,0.69 ,6.00E-15,27.51,AIC82427.1
nucleocapsid protein [Porcine epidemic diarrhea virus],87.8,Porcine,87.8,0.69 ,6.00E-15,27.51,AIE15949.1
nucleoprotein [Porcine epidemic diarrhea virus],87.8,Porcine,87.8,0.69 ,7.00E-15,27.51,ATJ03672.1
nucleocapsid protein [Porcine epidemic diarrhea virus],87.8,Porcine,87.8,0.69 ,7.00E-15,27.51,AHM88221.1
nucleocapsid protein [Porcine epidemic diarrhea virus],87.8,Porcine,87.8,0.69 ,7.00E-15,27.22,BAT33213.1
N protein [Porcine epidemic diarrhea virus],87.8,Porcine,87.8,0.69 ,7.00E-15,27.51,AFU07546.1
nucleocapsid protein [Porcine epidemic diarrhea virus],87.8,Porcine,87.8,0.69 ,7.00E-15,27.51,AMD11122.1
N protein [Porcine epidemic diarrhea virus],87.8,Porcine,87.8,0.69 ,7.00E-15,27.51,AHK25046.1
N protein [Porcine epidemic diarrhea virus],87.8,Porcine,87.8,0.69 ,7.00E-15,27.51,AEZ68028.1
nucleocapsid protein [Porcine epidemic diarrhea virus],87.8,Porcine,87.8,0.69 ,7.00E-15,27.22,AKJ21729.1
N protein [Porcine epidemic diarrhea virus],87.8,Porcine,87.8,0.69 ,7.00E-15,27.22,AFU07536.1
nucleocapsid protein [Porcine epidemic diarrhea virus],87.8,Porcine,87.8,0.69 ,7.00E-15,27.51,AVU05428.1
nucleocapsid protein [Porcine epidemic diarrhea virus],87.8,Porcine,87.8,0.69 ,7.00E-15,27.51,AWM11466.1
nucleocapsid protein [Porcine epidemic diarrhea virus],87.8,Porcine,87.8,0.69 ,7.00E-15,27.51,QBO24667.1
nucleocapsid protein [Porcine epidemic diarrhea virus],87.4,Porcine,87.4,0.71 ,8.00E-15,27.73,AJD09546.1
N protein [Porcine epidemic diarrhea virus],87.8,Porcine,87.8,0.69 ,8.00E-15,27.43,QCQ20042.1
nucleocapsid protein [Porcine epidemic diarrhea virus],87.8,Porcine,87.8,0.69 ,8.00E-15,27.22,QGQ60322.1
nucleocapsid protein [Porcine epidemic diarrhea virus],87.8,Porcine,87.8,0.69 ,8.00E-15,27.22,QGQ60340.1
N protein [Porcine epidemic diarrhea virus],87.8,Porcine,87.8,0.69 ,8.00E-15,27.51,QFU19261.1
nucleocapsid protein [Porcine epidemic diarrhea virus],87.8,Porcine,87.8,0.69 ,8.00E-15,27.22,AYP73630.1
N protein [Porcine epidemic diarrhea virus],87.8,Porcine,87.8,0.69 ,8.00E-15,27.22,QFU19270.1
nucleocapsid protein [Porcine epidemic diarrhea virus],87.8,Porcine,87.8,0.69 ,8.00E-15,27.22,AJD09543.1
N protein [Porcine epidemic diarrhea virus],87.8,Porcine,87.8,0.69 ,8.00E-15,27.22,QCQ19916.1
nucleocapsid protein [Porcine epidemic diarrhea virus],87.4,Porcine,87.4,0.69 ,8.00E-15,27.51,QFG01692.1
N protein [Porcine epidemic diarrhea virus],87.4,Porcine,87.4,0.69 ,8.00E-15,27.51,QFU19264.1
N protein [Porcine epidemic diarrhea virus],87.4,Porcine,87.4,0.69 ,8.00E-15,27.22,AHK25055.1
nucleoprotein [Porcine epidemic diarrhea virus],87.4,Porcine,87.4,0.69 ,8.00E-15,27.22,APG77340.1
nucleocapsid protein [Porcine epidemic diarrhea virus],87.4,Porcine,87.4,0.69 ,8.00E-15,27.51,AJD09537.1
nucleocapsid protein [Porcine epidemic diarrhea virus],87,Porcine,87,0.69 ,9.00E-15,27.22,QBF54007.1
nucleocapsid protein [Porcine epidemic diarrhea virus],87.4,Porcine,87.4,0.69 ,9.00E-15,27.64,AIE15999.1
nucleocapsid [Porcine epidemic diarrhea virus],87.4,Porcine,87.4,0.69 ,9.00E-15,27.51,AID56839.1
nucleocapsid protein [Porcine epidemic diarrhea virus],87.4,Porcine,87.4,0.69 ,9.00E-15,27.51,QCC26585.1
nucleocapsid protein [Porcine epidemic diarrhea virus],87.4,Porcine,87.4,0.69 ,9.00E-15,27.51,BAT33189.1
N protein [Porcine epidemic diarrhea virus],87.4,Porcine,87.4,0.69 ,9.00E-15,27.51,QCQ19886.1
nucleocapsid protein [Porcine epidemic diarrhea virus],87.4,Porcine,87.4,0.69 ,9.00E-15,27.22,AWM11502.1
nucleocapsid protein [Porcine epidemic diarrhea virus],87.4,Porcine,87.4,0.69 ,9.00E-15,27.01,AFS63731.1
nucleocapsid protein [Human coronavirus 229E],87,Human,87,0.65 ,9.00E-15,27.76,AMM42518.1
nucleocapsid protein [Porcine deltacoronavirus],85.9,Porcine,85.9,0.85 ,1.00E-14,27.49,AKC54432.1
nucleocapsid protein [Porcine epidemic diarrhea virus],86.7,Porcine,86.7,0.72 ,1.00E-14,27.47,QBF53951.1
nucleocapsid protein [Porcine epidemic diarrhea virus],87.4,Porcine,87.4,0.69 ,1.00E-14,27.22,QCO95402.1
nucleocapsid protein [Porcine epidemic diarrhea virus],87.4,Porcine,87.4,0.69 ,1.00E-14,27.51,ATY72316.1
N protein [Porcine epidemic diarrhea virus],87.4,Porcine,87.4,0.69 ,1.00E-14,27.51,AHK25044.1
N protein [Porcine epidemic diarrhea virus],87.4,Porcine,87.4,0.69 ,1.00E-14,27.51,QCQ20054.1
N protein [Porcine epidemic diarrhea virus],87.4,Porcine,87.4,0.69 ,1.00E-14,27.51,AIC82421.1
nucleocapsid [Porcine epidemic diarrhea virus],87.4,Porcine,87.4,0.69 ,1.00E-14,27.51,AID56755.1
nucleocapsid [Porcine epidemic diarrhea virus],87.4,Porcine,87.4,0.69 ,1.00E-14,27.51,AID56881.1
nucleocapsid protein [Porcine epidemic diarrhea virus],87.4,Porcine,87.4,0.69 ,1.00E-14,27.51,AJD09550.1
nucleocapsid protein [Porcine epidemic diarrhea virus],87.4,Porcine,87.4,0.69 ,1.00E-14,27.79,AFJ54353.1
N protein [Porcine epidemic diarrhea virus],87.4,Porcine,87.4,0.69 ,1.00E-14,27.51,QFU19262.1
nucleocapsid protein [Porcine epidemic diarrhea virus],87,Porcine,87,0.69 ,1.00E-14,27.51,AJP67448.1
N protein [Porcine epidemic diarrhea virus],87,Porcine,87,0.69 ,1.00E-14,27.51,QCQ20048.1
N protein [Porcine epidemic diarrhea virus],87,Porcine,87,0.69 ,1.00E-14,27.51,AIC82418.1
nucleocapsid protein [Porcine epidemic diarrhea virus],87,Porcine,87,0.69 ,1.00E-14,27.51,AKH45330.1
N protein [Porcine epidemic diarrhea virus],87,Porcine,87,0.69 ,1.00E-14,26.65,AIC82426.1
nucleocapsid protein [Porcine epidemic diarrhea virus],87,Porcine,87,0.69 ,1.00E-14,27.22,AKJ22215.1
nucleocapsid protein [Porcine epidemic diarrhea virus],87,Porcine,87,0.69 ,1.00E-14,27.22,NP_598314.1
nucleocapsid protein [Porcine epidemic diarrhea virus],87,Porcine,87,0.69 ,1.00E-14,27.22,AKA88563.1
N protein [Porcine epidemic diarrhea virus],87,Porcine,87,0.69 ,1.00E-14,27.51,AET71267.1
nucleocapsid protein [Porcine epidemic diarrhea virus],87,Porcine,87,0.69 ,1.00E-14,27.22,AST13140.1
nucleocapsid protein [Porcine epidemic diarrhea virus],87,Porcine,87,0.69 ,1.00E-14,27.22,AST13133.1
nucleocapsid protein [Porcine epidemic diarrhea virus],87,Porcine,87,0.69 ,1.00E-14,27.22,AIC83851.1
nucleocapsid protein [Porcine epidemic diarrhea virus],87,Porcine,87,0.69 ,1.00E-14,27.51,AGN29324.1
nucleocapsid protein [Porcine epidemic diarrhea virus],87,Porcine,87,0.69 ,1.00E-14,26.93,AVK78151.1
nucleocapsid protein [Human coronavirus 229E],86.7,Human,86.7,0.65 ,1.00E-14,28.67,AMM42528.1
nucleocapsid protein [Porcine epidemic diarrhea virus],86.7,Porcine,86.7,0.74 ,2.00E-14,27.03,AFD98076.1
nucleocapsid protein [Porcine epidemic diarrhea virus],86.7,Porcine,86.7,0.69 ,2.00E-14,27.22,AST13243.1
nucleocapsid protein [Porcine epidemic diarrhea virus],86.7,Porcine,86.7,0.69 ,2.00E-14,27.22,ANY27035.1
nucleocapsid protein [Porcine epidemic diarrhea virus],86.7,Porcine,86.7,0.69 ,2.00E-14,27.22,AST13231.1
nucleocapsid protein [Porcine epidemic diarrhea virus],86.7,Porcine,86.7,0.69 ,2.00E-14,27.01,QCO95396.1
nucleocapsid protein [Miniopterus pusillus bat coronavirus HKU8-related],86.7,Bat,86.7,0.69 ,2.00E-14,27.76,QHA24675.1
nucleocapsid protein [Porcine epidemic diarrhea virus],86.7,Porcine,86.7,0.69 ,2.00E-14,26.93,AXK47356.1
nucleocapsid protein [Porcine epidemic diarrhea virus],86.7,Porcine,86.7,0.69 ,2.00E-14,27.22,ADZ76337.1
nucleocapsid protein [Porcine epidemic diarrhea virus],86.7,Porcine,86.7,0.69 ,2.00E-14,27.22,ALL27306.1
nucleocapsid protein [Porcine epidemic diarrhea virus],86.3,Porcine,86.3,0.69 ,2.00E-14,27.79,QBF53945.1
N protein [Porcine epidemic diarrhea virus],86.7,Porcine,86.7,0.69 ,2.00E-14,27.22,AHK25039.1
nucleocapsid protein [Porcine epidemic diarrhea virus],86.7,Porcine,86.7,0.69 ,2.00E-14,27.22,QEQ55816.1
N protein [Porcine epidemic diarrhea virus],86.7,Porcine,86.7,0.69 ,2.00E-14,27.51,AEZ68026.1
nucleocapsid protein [Porcine epidemic diarrhea virus],86.7,Porcine,86.7,0.69 ,2.00E-14,27.79,AHF20049.1
nucleocapsid protein [Porcine epidemic diarrhea virus],86.3,Porcine,86.3,0.69 ,2.00E-14,27.22,AJD09536.1
N protein [Porcine epidemic diarrhea virus],86.3,Porcine,86.3,0.69 ,2.00E-14,27.3,QFU19266.1
nucleocapsid protein [Porcine epidemic diarrhea virus],86.3,Porcine,86.3,0.69 ,2.00E-14,27.22,QEQ76230.1
nucleocapsid protein [Porcine epidemic diarrhea virus],86.3,Porcine,86.3,0.69 ,2.00E-14,28.37,AEV42923.1
nucleocapsid protein [Porcine epidemic diarrhea virus],86.3,Porcine,86.3,0.69 ,2.00E-14,27.22,AIE15944.1
N protein [Porcine epidemic diarrhea virus],86.7,Porcine,86.7,0.66 ,2.00E-14,27.51,QFU19274.1
N [229E-related bat coronavirus] [229E-related bat coronavirus],86.3,Bat,86.3,0.65 ,2.00E-14,29.93,ALK28797.1
nucleocapsid protein [Miniopterus bat coronavirus HKU8],85.9,Bat,85.9,0.73 ,3.00E-14,26.8,YP_001718616.1
nucleocapsid phosphoprotein [Rhinolophus bat coronavirus HKU2],85.1,Bat,85.1,0.69 ,3.00E-14,28.43,ABQ57220.1
nucleocapsid [Porcine epidemic diarrhea virus],85.9,Porcine,85.9,0.69 ,3.00E-14,26.93,AID56785.1
nucleocapsid protein [Porcine epidemic diarrhea virus],85.9,Porcine,85.9,0.69 ,3.00E-14,26.72,AWM11496.1
nucleocapsid protein [Porcine epidemic diarrhea virus],85.5,Porcine,85.5,0.69 ,4.00E-14,26.93,QBF53995.1
nucleocapsid protein [Porcine epidemic diarrhea virus],85.5,Porcine,85.5,0.69 ,4.00E-14,27.79,AJD09528.1
nucleocapsid protein [Porcine epidemic diarrhea virus],85.1,Porcine,85.1,0.69 ,4.00E-14,26.93,QBF53994.1
neucleocapsid protein [Porcine epidemic diarrhea virus],85.5,Porcine,85.5,0.69 ,4.00E-14,26.86,AWA82542.1
nucleocapsid protein [Porcine epidemic diarrhea virus],85.5,Porcine,85.5,0.69 ,4.00E-14,26.93,QDZ36666.1
nucleocapsid [Porcine epidemic diarrhea virus],85.5,Porcine,85.5,0.69 ,4.00E-14,26.36,ALJ52508.1
N protein [Porcine epidemic diarrhea virus],85.5,Porcine,85.5,0.67 ,4.00E-14,27.65,AHK25047.1
DIssE RNA gene 1 homolog [Murine hepatitis virus],86.7,Murine,86.7,0.50 ,4.00E-14,32.74,AAP13913.1
nucleocapsid protein [Porcine epidemic diarrhea virus],85.5,Porcine,85.5,0.69 ,5.00E-14,26.93,AJD09545.1
nucleocapsid protein [Porcine epidemic diarrhea virus],85.1,Porcine,85.1,0.69 ,5.00E-14,27.22,AJD09540.1
N protein [Porcine epidemic diarrhea virus],85.1,Porcine,85.1,0.67 ,5.00E-14,27.06,AHK25042.1
nucleocapsid protein [Porcine epidemic diarrhea virus],84.7,Porcine,84.7,0.69 ,7.00E-14,27.51,AJD09534.1
nucleocapsid protein [Porcine epidemic diarrhea virus],84.7,Porcine,84.7,0.69 ,7.00E-14,26.72,QCO95426.1
nucleocapsid protein [Porcine epidemic diarrhea virus],84.7,Porcine,84.7,0.69 ,7.00E-14,26.93,QBO24661.1
nucleocapsid protein [Porcine epidemic diarrhea virus],84.3,Porcine,84.3,0.69 ,7.00E-14,26.57,QBF53953.1
nucleocapsid protein [Porcine epidemic diarrhea virus],84.3,Porcine,84.3,0.69 ,7.00E-14,27.35,QBF53980.1
nucleocapsid protein [Porcine epidemic diarrhea virus],84.7,Porcine,84.7,0.67 ,7.00E-14,26.18,AJD09544.1
nucleocapsid protein [Porcine deltacoronavirus],83.6,Porcine,83.6,0.85 ,8.00E-14,27.49,APZ76694.1
neucleocapsid protein [Porcine epidemic diarrhea virus],84.7,Porcine,84.7,0.69 ,8.00E-14,26.65,AWA82549.1
nucleocapsid protein [Porcine epidemic diarrhea virus],84.7,Porcine,84.7,0.69 ,8.00E-14,26.57,AGG55741.1
nucleocapsid protein [Porcine epidemic diarrhea virus],84.7,Porcine,84.7,0.69 ,8.00E-14,26.93,AOM53012.1
neucleocapsid protein [Porcine epidemic diarrhea virus],84.7,Porcine,84.7,0.69 ,8.00E-14,26.65,AWA82550.1
nucleocapsid protein [Porcine epidemic diarrhea virus],84.7,Porcine,84.7,0.69 ,8.00E-14,27.22,AGY31038.1
N protein [Porcine epidemic diarrhea virus],84.7,Porcine,84.7,0.69 ,8.00E-14,27.07,AUD08954.1
N protein [Porcine epidemic diarrhea virus],84.7,Porcine,84.7,0.69 ,8.00E-14,26.65,AFU07535.1
nucleocapsid protein [Porcine deltacoronavirus],83.2,Porcine,83.2,0.85 ,1.00E-13,27.76,AWV96563.1
N protein [Porcine epidemic diarrhea virus],84,Porcine,84,0.73 ,1.00E-13,26.5,AGG34686.1
nucleocapsid protein [Porcine epidemic diarrhea virus],84.3,Porcine,84.3,0.69 ,1.00E-13,27.22,ART84254.1
nucleocapsid protein [Porcine epidemic diarrhea virus],84.3,Porcine,84.3,0.69 ,1.00E-13,26.93,AYP73638.1
N protein [Porcine epidemic diarrhea virus],84,Porcine,84,0.69 ,1.00E-13,26.65,AFK77928.1
nucleoprotein [Porcine epidemic diarrhea virus],84,Porcine,84,0.69 ,1.00E-13,26.65,AFN02121.1
N protein [Porcine epidemic diarrhea virus],84,Porcine,84,0.69 ,1.00E-13,26.65,AET71249.1
nucleocapsid protein [Bat coronavirus],84.3,Bat,84.3,0.57 ,1.00E-13,27.53,ARI44792.1
N protein [Porcine epidemic diarrhea virus],83.6,Porcine,83.6,0.69 ,2.00E-13,26.57,AFJ54359.1
nucleocapsid protein [Porcine epidemic diarrhea virus],83.6,Porcine,83.6,0.69 ,2.00E-13,26.07,AFR54330.1
nucleocapsid protein [Porcine epidemic diarrhea virus],83.2,Porcine,83.2,0.69 ,2.00E-13,26.65,AJP67406.1
nucleocapsid protein [Bat coronavirus],82.8,Bat,82.8,0.57 ,3.00E-13,27.53,ARI44797.1
N protein [Porcine epidemic diarrhea virus],82.4,Porcine,82.4,0.69 ,5.00E-13,26,QFU19255.1
nucleocapsid protein [Porcine epidemic diarrhea virus],82.4,Porcine,82.4,0.69 ,5.00E-13,26.65,AJD09548.1
nucleocapsid protein [Human coronavirus 229E],80.5,Human,80.5,0.65 ,1.00E-12,29.61,AMM42526.1
nucleocapsid protein [Porcine epidemic diarrhea virus],80.1,Porcine,80.1,0.69 ,2.00E-12,26,AIF73545.1
nucleoprotein [Bat coronavirus Hipposideros/GhanaKwam/19/2008],79.7,Bat,79.7,0.62 ,2.00E-12,26.22,ACN78944.1
nucleocapsid protein [Human coronavirus OC43],74.3,Human,74.3,0.19 ,2.00E-12,46.34,AAQ93016.1
nucleocapsid protein [Porcine epidemic diarrhea virus],79.7,Porcine,79.7,0.69 ,3.00E-12,26.65,AJP67442.1
nucleocapsid protein [Canine coronavirus],77.4,Canine,77.4,0.22 ,3.00E-12,45.74,ANF07140.1
nucleocapsid protein [Canine coronavirus],74.7,Canine,74.7,0.18 ,3.00E-12,48.05,QDI78424.1
nucleocapsid protein [Canine coronavirus],72.4,Canine,72.4,0.18 ,2.00E-11,50,QDI78426.1
nucleocapsid protein [Canine coronavirus],72.4,Canine,72.4,0.18 ,2.00E-11,50,QDI78419.1
N protein [Bovine coronavirus],71.2,Bovine,71.2,0.17 ,2.00E-11,48.68,AWG41998.1
nucleocapsid protein [Canine coronavirus],72,Canine,72,0.18 ,3.00E-11,46.75,QDI78409.1
N protein [Bovine coronavirus],70.9,Bovine,70.9,0.17 ,3.00E-11,48.68,AWG42002.1
nucleocapsid protein [Porcine deltacoronavirus],75.5,Porcine,75.5,0.85 ,4.00E-11,27.76,AND74257.1
nucleocapsid protein [Porcine deltacoronavirus],75.5,Porcine,75.5,0.74 ,4.00E-11,25.54,QIV13114.1
nucleocapsid protein [Canine coronavirus],71.6,Canine,71.6,0.18 ,4.00E-11,50,QDI78412.1
nucleocapsid protein [Canine coronavirus],71.2,Canine,71.2,0.18 ,5.00E-11,50,QDI78415.1
nucleocapsid protein [Porcine deltacoronavirus],75.1,Porcine,75.1,0.74 ,6.00E-11,25.23,AMW88201.1
nucleocapsid protein [Porcine deltacoronavirus],75.1,Porcine,75.1,0.74 ,6.00E-11,25.23,ANK58268.1
nucleocapsid protein [Bovine coronavirus],69.3,Bovine,69.3,0.16 ,6.00E-11,49.3,ACI88716.1
nucleocapsid protein [Porcine deltacoronavirus],74.7,Porcine,74.7,0.74 ,8.00E-11,25.23,ANK58282.1
nucleocapsid protein [Canine coronavirus],70.9,Canine,70.9,0.18 ,8.00E-11,48.68,QDI78423.1
nucleocapsid protein [Porcine deltacoronavirus],74.7,Porcine,74.7,0.85 ,9.00E-11,26.95,AWV96577.1
N protein [Bovine coronavirus],70.1,Bovine,70.1,0.18 ,9.00E-11,46.15,QCQ18295.1
nucleocapsid protein [Porcine deltacoronavirus],73.9,Porcine,73.9,0.85 ,1.00E-10,27.49,ARD25165.1
nucleocapsid protein [Porcine deltacoronavirus],74.7,Porcine,74.7,0.74 ,1.00E-10,25.23,APC23089.1
nucleocapsid protein [Canine coronavirus],70.5,Canine,70.5,0.18 ,1.00E-10,46.75,QDI78417.1
N protein [Bovine coronavirus],69.7,Bovine,69.7,0.18 ,1.00E-10,46.15,QCQ18301.1
N protein [Bovine coronavirus],69.3,Bovine,69.3,0.17 ,1.00E-10,47.37,AWG41997.1
nucleocapsid protein [Canine coronavirus],69.3,Canine,69.3,0.18 ,2.00E-10,48.68,QDI78406.1
nucleocapsid protein [Bovine coronavirus cow/WDBR-96/BRA/2003],68.2,Bovine,68.2,0.16 ,2.00E-10,47.89,ADF45569.1
nucleocapsid protein [Bovine coronavirus cow/WDBR-729/BRA/2003],67.8,Bovine,67.8,0.16 ,2.00E-10,47.89,ADF45570.1
nucleocapsid protein [Bat coronavirus],72.8,Bat,72.8,0.62 ,3.00E-10,29.53,ANA96052.1
nucleocapsid protein [Canine coronavirus],68.2,Canine,68.2,0.14 ,7.00E-10,51.61,QDI78425.1
nucleocapsid protein [Scotophilus kuhlii bat coronavirus 512-related],70.9,Bat,70.9,0.51 ,2.00E-09,30.18,QHA24700.1
nucleocapsid protein [Porcine deltacoronavirus],70.1,Porcine,70.1,0.85 ,3.00E-09,26.4,ALL74103.1
nucleocapsid protein [Miniopterus bat coronavirus/Kenya/KY33/2006],70.1,Bat,70.1,0.76 ,4.00E-09,25.48,ADX59492.1
nucleocapsid phosphoprotein [Human coronavirus OC43],66.2,Human,66.2,0.35 ,4.00E-09,38.41,AJQ24068.1
N protein [Porcine deltacoronavirus Sichuan],69.3,Porcine,69.3,0.85 ,5.00E-09,27.22,AZL30771.1
nucleocapsid protein [Porcine deltacoronavirus],69.3,Porcine,69.3,0.85 ,5.00E-09,26.4,ALL74102.1
non-structural N protein [Porcine deltacoronavirus],68.9,Porcine,68.9,0.86 ,8.00E-09,27.08,QCO76967.1
nucleocapsid protein [Porcine deltacoronavirus],68.2,Porcine,68.2,0.85 ,1.00E-08,27.22,ATP16466.1
nucleocapsid protein [Porcine deltacoronavirus],68.2,Porcine,68.2,0.85 ,1.00E-08,27.22,AML40899.1
N protein [Porcine deltacoronavirus],68.2,Porcine,68.2,0.85 ,1.00E-08,27.22,AVY03266.1
nucleocapsid protein [Porcine deltacoronavirus],68.2,Porcine,68.2,0.85 ,1.00E-08,27.22,ASR75150.1
nucleocapsid protein [Porcine coronavirus HKU15],68.2,Porcine,68.2,0.85 ,1.00E-08,27.49,AIA61005.1
nucleocapsid protein [Porcine coronavirus HKU15],67.8,Porcine,67.8,0.85 ,1.00E-08,27.22,YP_009513025.1
nucleocapsid protein [Porcine deltacoronavirus],67.8,Porcine,67.8,0.85 ,1.00E-08,27.22,AXP32220.1
N protein [Porcine epidemic diarrhea virus],68.6,Porcine,68.6,0.69 ,1.00E-08,25.5,AHK25050.1
nucleocapsid [Porcine deltacoronavirus],67.8,Porcine,67.8,0.85 ,2.00E-08,27.22,ANJ61325.1
nucleocapsid protein [Porcine coronavirus HKU15],67.8,Porcine,67.8,0.85 ,2.00E-08,27.22,AFD29191.1
nucleocapsid protein [Porcine deltacoronavirus],67.8,Porcine,67.8,0.85 ,2.00E-08,27.22,BAZ95613.1
nucleocapsid protein [Porcine deltacoronavirus],67.8,Porcine,67.8,0.85 ,2.00E-08,27.49,APG38202.1
nucleocapsid protein [Porcine deltacoronavirus],67.8,Porcine,67.8,0.85 ,2.00E-08,26.95,ARD25158.1
nucleocapsid protein [Infectious bronchitis virus],62,Bat,62,0.30 ,2.00E-07,29.37,AHC98376.1
nucleocapsid protein [Canine coronavirus],57.8,Canine,57.8,0.12 ,9.00E-07,51.85,ACN60157.1
nucleocapsid protein [Porcine deltacoronavirus],62.4,Porcine,62.4,0.85 ,1.00E-06,26.76,QIV13107.1
"Chain A, Nucleoprotein [Human coronavirus NL63]",59.3,Human,59.3,0.15 ,1.00E-06,46.27,5N4K_A
nucleocapsid protein [Human coronavirus NL63],62.4,Human,62.4,0.13 ,1.00E-06,50,AMM42619.1
nucleocapsid protein [Human coronavirus NL63],60.8,Human,60.8,0.15 ,2.00E-06,46.27,QDH43732.1
nucleoprotein [Human coronavirus NL63],61.6,Human,61.6,0.13 ,2.00E-06,48.28,AVL25594.1
nucleoprotein [Human coronavirus NL63],61.6,Human,61.6,0.13 ,2.00E-06,48.28,AGT51335.1
nucleocapsid protein [Human coronavirus NL63],61.6,Human,61.6,0.13 ,2.00E-06,48.28,AFD98754.1
nucleoprotein [Human coronavirus NL63],61.2,Human,61.2,0.13 ,2.00E-06,48.28,AVL25604.1
nucleocapsid protein [Human coronavirus NL63],61.2,Human,61.2,0.13 ,2.00E-06,48.28,AFD98810.1
nucleoprotein [Human coronavirus NL63],61.2,Human,61.2,0.13 ,2.00E-06,48.28,AVL25609.1
Nucleocapsid protein [Human coronavirus NL63],61.2,Human,61.2,0.13 ,2.00E-06,48.28,YP_003771.1
nucleocapsid protein [Human coronavirus NL63],61.2,Human,61.2,0.13 ,2.00E-06,48.28,AFD98761.1
nucleocapsid protein [Human coronavirus NL63],61.2,Human,61.2,0.13 ,2.00E-06,48.28,ARU07598.1
nucleocapsid protein [Human coronavirus NL63],61.2,Human,61.2,0.13 ,2.00E-06,48.28,ABI20791.1
nucleoprotein [Human coronavirus NL63],61.2,Human,61.2,0.13 ,2.00E-06,48.28,AVL25595.1
nucleocapsid protein [Human coronavirus NL63],61.2,Human,61.2,0.13 ,2.00E-06,48.28,AMM42628.1
nucleocapsid protein [Human coronavirus NL63],61.2,Human,61.2,0.15 ,3.00E-06,46.27,ABE73420.1
nucleocapsid protein [Bovine coronavirus],56.2,Bovine,56.2,0.15 ,3.00E-06,43.66,AJG01609.1
nucleocapsid protein [Human coronavirus NL63],60.8,Human,60.8,0.15 ,3.00E-06,46.27,ABE73423.1
nucleocapsid protein [Human coronavirus NL63],61.2,Human,61.2,0.13 ,3.00E-06,48.28,AVA26877.1
nucleocapsid protein [Human coronavirus NL63],61.2,Human,61.2,0.13 ,3.00E-06,48.28,AMM42596.1
nucleocapsid protein [Human coronavirus NL63],61.2,Human,61.2,0.13 ,3.00E-06,48.28,AMM42589.1
nucleocapsid protein [Human coronavirus NL63],61.2,Human,61.2,0.13 ,3.00E-06,48.28,AMM42603.1
nucleocapsid protein [Human coronavirus NL63],61.2,Human,61.2,0.13 ,3.00E-06,48.28,AMM42614.1
nucleocapsid protein [Human coronavirus NL63],60.8,Human,60.8,0.13 ,3.00E-06,48.28,AMM42629.1
nucleocapsid protein [Human coronavirus NL63],60.8,Human,60.8,0.13 ,3.00E-06,48.28,AMM42605.1
nucleocapsid protein [Human coronavirus NL63],60.8,Human,60.8,0.13 ,3.00E-06,48.28,ABE97141.1
nucleocapsid protein [Human coronavirus NL63],60.8,Human,60.8,0.13 ,3.00E-06,48.28,AIW52805.1
nucleocapsid protein [Human coronavirus NL63],60.8,Human,60.8,0.13 ,3.00E-06,48.28,QEG03752.1
nucleocapsid protein [Human coronavirus NL63],60.8,Human,60.8,0.13 ,3.00E-06,48.28,QED88037.1
nucleocapsid protein [Human coronavirus NL63],60.8,Human,60.8,0.13 ,3.00E-06,48.28,AFO70495.1
nucleocapsid protein [Bovine coronavirus],55.8,Bovine,55.8,0.15 ,4.00E-06,44.29,AIE48333.1
nucleocapsid protein [Human coronavirus NL63],60.8,Human,60.8,0.13 ,4.00E-06,48.28,QED88044.1
nucleoprotein [Human coronavirus NL63],60.5,Human,60.5,0.13 ,4.00E-06,48.28,AGT51342.1
nucleocapsid protein [Alphacoronavirus Bat-CoV/P.kuhlii/Italy/3398-19/2015],59.3,Bat,59.3,0.24 ,1.00E-05,31.73,YP_009755894.1
nucleocapsid protein [Tylonycteris bat coronavirus HKU33],59.3,Bat,59.3,0.16 ,1.00E-05,42.25,QCX35164.1
nucleocapsid protein [Porcine epidemic diarrhea virus],58.9,Porcine,114,0.52 ,2.00E-05,43.75,QBF53983.1
nucleocapsid protein [Porcine epidemic diarrhea virus],58.5,Porcine,111,0.47 ,2.00E-05,43.75,QBF53947.1
nucleocapsid protein [Porcine epidemic diarrhea virus],58.5,Porcine,111,0.47 ,2.00E-05,43.75,QBF53975.1
nucleocapsid protein [Porcine epidemic diarrhea virus],58.5,Porcine,111,0.47 ,2.00E-05,43.75,QBF53972.1
nucleocapsid protein [Porcine epidemic diarrhea virus],58.5,Porcine,111,0.47 ,2.00E-05,43.75,QBF53971.1
nucleocapsid protein [Human coronavirus NL63],54.7,Human,54.7,0.14 ,2.00E-05,43.33,ADK37674.1
nucleocapsid protein [Human coronavirus NL63],54.7,Human,54.7,0.14 ,2.00E-05,43.33,ADK37678.1
nucleocapsid protein [Human coronavirus NL63],54.7,Human,54.7,0.14 ,2.00E-05,43.33,AAY32940.1
nucleocapsid [Human coronavirus NL63],58.2,Human,58.2,0.13 ,3.00E-05,46.55,ABK63972.1
nucleocapsid protein [Human coronavirus NL63],53.1,Human,53.1,0.14 ,6.00E-05,43.33,ADK37676.1
nucleocapsid protein [Human coronavirus NL63],52.8,Human,52.8,0.10 ,9.00E-05,50,AHF54654.1
nucleocapsid [Porcine epidemic diarrhea virus],54.3,Porcine,54.3,0.31 ,1.00E-04,30,ABR20903.1
nucleocapsid protein [Human coronavirus NL63],52.4,Human,52.4,0.10 ,1.00E-04,50,AHF54655.1
nucleocapsid [Porcine epidemic diarrhea virus],53.5,Porcine,53.5,0.31 ,3.00E-04,28.36,ABR20902.1
nucleocapsid [Porcine epidemic diarrhea virus],53.9,Porcine,53.9,0.28 ,6.00E-04,29.13,AHJ11039.1
nucleocapsid glycoprotein [Human coronavirus NL63],49.7,Human,49.7,0.13 ,6.00E-04,43.64,AAW66947.1
nucleocapsid [Porcine epidemic diarrhea virus],51.2,Porcine,51.2,0.28 ,0.001,29.13,ABR20901.1
nucleocapsid protein [Human coronavirus OC43],50.1,Human,50.1,0.14 ,0.001,43.94,AAQ93017.1
nucleocapsid protein [Porcine epidemic diarrhea virus],50.1,Porcine,50.1,0.25 ,0.002,29.52,BAA83615.1
nucleocapsid protein [Canine coronavirus],48.1,Canine,48.1,0.10 ,0.002,55.81,AKI87869.1
nucleocapsid protein [Canine coronavirus],47.8,Canine,47.8,0.09 ,0.002,58.97,AKI87882.1
nucleocapsid protein [Canine coronavirus],47.8,Canine,47.8,0.09 ,0.002,58.97,AKI87872.1
nucleocapsid protein [Canine coronavirus],47.8,Canine,47.8,0.09 ,0.002,58.97,AKI87886.1
nucleocapsid [Porcine epidemic diarrhea virus],50.4,Porcine,50.4,0.28 ,0.003,29.13,ABR20904.1
nucleocapsid protein [Canine coronavirus],47.4,Canine,47.4,0.09 ,0.003,58.97,AKI87871.1
nucleocapsid protein [Canine coronavirus],46.2,Canine,46.2,0.09 ,0.007,56.41,AKI87891.1
nucleocapsid protein [Porcine epidemic diarrhea virus],46.6,Porcine,46.6,0.18 ,0.013,32.05,QBJ01524.1
nucleocapsid protein [Canine coronavirus],45.8,Canine,45.8,0.11 ,0.013,50,AKI87880.1
MHV154AA [Murine hepatitis virus],46.2,Murine,46.2,0.23 ,0.044,27.52,AAB27902.1
nucleocapsid protein [Human coronavirus 229E],47.4,Human,47.4,0.37 ,0.045,26.88,AGW80680.1
,,,,,,,
,,,,,,,
,,,,,,,
"		",,,,,,,
